Date,Open,High,Low,Close,Volume
2016-08-12,2784.7807767250297,2804.3002681506723,2713.2093081643397,2752.248291015625,123190100
2016-08-15,2739.2354405037054,2752.248435470469,2641.63797825298,2661.157470703125,126444800
2016-08-16,2693.689697265625,2726.222181532118,2661.157212999132,2693.689697265625,125421200
2016-08-18,2726.222248391544,2771.7677274816174,2706.7027573529413,2765.26123046875,199163900
2016-08-19,2765.2611626519097,2778.274156358507,2680.676703559028,2693.689697265625,117134200
2016-08-22,2706.70263671875,2713.209133441632,2674.170153104342,2706.70263671875,90760300
2016-08-23,2726.2224508710383,2745.741943359375,2654.6509784138034,2745.741943359375,135968200
2016-08-24,2719.715953374926,2765.261435847712,2706.7029583827016,2745.741943359375,77672300
2016-08-25,2745.741943359375,2758.7549383516,2732.7289483671507,2745.741943359375,85476500
2016-08-26,2732.72885429038,2752.2483461067395,2713.20936247402,2739.2353515625,55203100
2016-08-29,2732.7286783854165,2732.7286783854165,2680.676703559028,2693.689697265625,86940700
2016-08-30,2693.6902224314294,2726.222713040505,2680.6772261877995,2713.209716796875,89405700
2016-08-31,2706.7028652019003,2758.7548433788597,2700.19636792978,2739.2353515625,119001300
2016-09-01,2700.1961399958686,2739.235120333158,2687.183146550105,2706.70263671875,73019400
2016-09-02,2680.6770228794644,2739.2355015345984,2680.6770228794644,2732.72900390625,67797200
2016-09-05,2732.72900390625,2758.754994419643,2719.7160086495537,2732.72900390625,49860400
2016-09-06,2739.2351483039133,2758.754638671875,2726.2221547252725,2758.754638671875,48004000
2016-09-07,2758.7548433788597,2758.7548433788597,2693.6898706576603,2739.2353515625,80888800
2016-09-08,2732.7286236102764,2739.235120333158,2706.70263671875,2706.70263671875,64125200
2016-09-09,2700.1965693721068,2706.7030671296297,2622.118596281829,2635.131591796875,120404300
2016-09-13,2635.131591796875,2661.157582826968,2589.586107494213,2635.131591796875,123714900
2016-09-14,2635.1313224427345,2635.1313224427345,2570.0663515182227,2583.079345703125,107944800
2016-09-15,2602.5987413194443,2706.702690972222,2602.5987413194443,2693.689697265625,113131600
2016-09-16,2693.6899581200337,2745.741937987087,2654.6509732197433,2661.157470703125,138669100
2016-09-19,2687.183520507813,2758.754994419643,2687.183520507813,2732.72900390625,74240200
2016-09-20,2700.1961399958686,2745.7416170560396,2700.1961399958686,2706.70263671875,88244400
2016-09-21,2706.7030133928574,2745.7419991629467,2667.664027622768,2732.72900390625,97627500
2016-09-22,2765.261285299387,2778.2742795831487,2732.7287995899824,2752.248291015625,159174700
2016-09-23,2752.248291015625,2765.261285299387,2713.2093081643397,2752.248291015625,84251000
2016-09-26,2732.728651514593,2765.2611354611954,2726.2221547252725,2758.754638671875,78037000
2016-09-27,2726.2222877573745,2784.7807617187505,2713.209293543736,2784.78076171875,106582800
2016-09-28,2745.741739430147,2778.274224494485,2745.741739430147,2765.26123046875,66963300
2016-09-29,2752.2483695503715,2823.8198401533364,2752.2483695503715,2791.287353515625,130275100
2016-09-30,2791.287541577545,2862.8590170026105,2778.274546045715,2804.300537109375,137113000
2016-10-03,2836.832952072631,2856.352444862122,2804.300464090147,2849.845947265625,58639700
2016-10-04,2849.845512740109,2862.858505948968,2836.83251953125,2836.83251953125,69761200
2016-10-05,2817.3134379542153,2830.326433048692,2784.7809502180235,2797.7939453125,64563500
2016-10-06,2784.7808324673397,2797.793827011579,2732.72885429038,2739.2353515625,83690900
2016-10-07,2745.7419991629467,2758.754994419643,2713.2095110212053,2732.72900390625,50796000
2016-10-10,2719.715630164513,2752.2481137789214,2700.1961399958686,2706.70263671875,33361000
2016-10-11,2713.209133441632,2719.715630164513,2680.6766498272236,2706.70263671875,95073200
2016-10-12,2687.183200412326,2706.702690972222,2680.676703559028,2693.689697265625,77235200
2016-10-13,2700.196571167576,2726.2225622149745,2693.6900734057267,2719.716064453125,95797800
2016-10-14,2732.72885429038,2765.2613406509795,2719.71585974614,2739.2353515625,127750100
2016-10-17,2732.728651514593,2765.2611354611954,2732.728651514593,2758.754638671875,62848500
2016-10-18,2765.261285299387,2771.7677824412676,2745.741793873744,2752.248291015625,47811100
2016-10-19,2752.2484967912947,2765.2614920479914,2732.72900390625,2732.72900390625,39787500
2016-10-20,2739.2355015345984,2758.754994419643,2719.7160086495537,2732.72900390625,49146300
2016-10-21,2732.72885429038,2758.7548433788597,2726.22235701826,2739.2353515625,32147200
2016-10-24,2732.7289483671507,2758.7549383516,2726.2224508710383,2745.741943359375,44928300
2016-10-25,2732.72900390625,2745.7419991629467,2726.222506277902,2732.72900390625,70646400
2016-10-26,2719.716158263723,2745.742150208831,2719.716158263723,2726.22265625,51043000
2016-10-27,2745.7416450932337,2771.767632250516,2739.2351483039133,2758.754638671875,59171100
2016-10-28,2745.741793873744,2765.261285299387,2745.741793873744,2752.248291015625,63978700
2016-10-31,2752.2484408554874,2765.261435847712,2739.235445863263,2745.741943359375,87255800
2016-11-01,2752.2484967912947,2758.754994419643,2732.72900390625,2732.72900390625,40526400
2016-11-02,2732.72900390625,2758.754994419643,2726.222506277902,2732.72900390625,65592600
2016-11-03,2732.7292686370483,2739.235766895708,2680.6772825677713,2700.19677734375,142513800
2016-11-04,2680.6772825677713,2706.7032756024096,2667.6642860504517,2700.19677734375,94570400
2016-11-07,2700.19677734375,2732.7292686370483,2687.183780826431,2700.19677734375,56762000
2016-11-08,2713.209293543736,2797.793755932389,2713.209293543736,2784.78076171875,73529000
2016-11-09,2765.2612186172637,2791.2872065571905,2674.1702608275186,2680.6767578125,142550300
2016-11-10,2719.716158263723,2745.742150208831,2687.183668332339,2726.22265625,197201200
2016-11-11,2635.1312255859375,2635.1312255859375,2544.040269639757,2576.57275390625,244873100
2016-11-14,2505.001384966606,2524.5208762780344,2368.3649457866095,2465.96240234375,331538800
2016-11-15,2491.9883759816485,2570.0663407643633,2446.442896525065,2498.494873046875,214754300
2016-11-16,2537.5343811035154,2622.1188604736326,2537.5343811035154,2602.599365234375,195298100
2016-11-17,2570.066873168945,2628.6253588867185,2570.066873168945,2602.599365234375,84236700
2016-11-18,2615.611831165381,2622.118328257832,2576.572848610674,2583.079345703125,98115300
2016-11-21,2570.0664615388437,2583.0794562808123,2550.5469694258904,2557.053466796875,82463000
2016-11-22,2550.5471568433545,2583.0796460888055,2544.0406589942645,2570.066650390625,69602800
2016-11-23,2557.053560983106,2583.079551425682,2550.5470633724617,2563.56005859375,108352600
2016-11-24,2537.5340643454724,2557.05355714813,2446.443097933071,2478.9755859375,91265600
2016-11-25,2452.949780974625,2491.98876953125,2452.949780974625,2491.98876953125,65999500
2016-11-28,2505.001370112101,2511.507867177327,2485.4818789164224,2498.494873046875,61860400
2016-11-29,2491.9883759816485,2524.52086130778,2491.9883759816485,2498.494873046875,73215900
2016-11-30,2485.482291408317,2537.5342765687005,2452.9498006830772,2459.456298828125,145322000
2016-12-01,2485.48230802704,2537.5342935354597,2478.9758098384877,2511.50830078125,96825100
2016-12-02,2485.482288253277,2576.5732621683187,2478.9757901164885,2544.040771484375,68873200
2016-12-05,2537.5337727864585,2602.5987413194443,2531.0272759331597,2576.57275390625,56831800
2016-12-06,2557.0537677579523,2576.5732621683187,2537.5342733475863,2544.040771484375,67135100
2016-12-07,2531.02745408888,2531.02745408888,2485.4819729099027,2505.00146484375,74498300
2016-12-08,2524.5210729298856,2563.56005859375,2511.5080777085977,2563.56005859375,80253900
2016-12-09,2557.053263346354,2589.585747612847,2544.040269639757,2576.57275390625,73229000
2016-12-13,2550.546860240869,2583.079345703125,2537.533866055967,2583.079345703125,85397800
2016-12-14,2544.0406213877154,2583.079607905174,2544.0406213877154,2550.547119140625,53216800
2016-12-15,2510.9079283887468,2576.296155690537,2504.3691056585676,2556.6796875,58982800
2016-12-16,2556.67972776403,2556.67972776403,2497.830322265625,2497.830322265625,111038700
2016-12-19,2517.446799830386,2543.6020912571958,2484.752685546875,2484.752685546875,64957800
2016-12-20,2452.058602913455,2484.752717618968,2425.903311149045,2438.98095703125,88601300
2016-12-21,2484.752940021495,2517.4470576533568,2458.5976459160056,2471.67529296875,65390700
2016-12-22,2432.4423671874997,2471.67530859375,2432.4423671874997,2452.058837890625,53482700
2016-12-23,2478.2139135014395,2478.2139135014395,2399.748037612212,2412.82568359375,46232300
2016-12-27,2412.8256652668397,2458.5974258545575,2399.7480193846345,2438.98095703125,48998200
2016-12-28,2465.1364440121165,2510.9082082245427,2465.1364440121165,2504.369384765625,39654200
2016-12-29,2504.369092912238,2589.3737879719224,2491.2914475184407,2576.296142578125,126802300
2016-12-30,2576.2961254024026,2628.6067066288474,2576.2961254024026,2602.451416015625,128649100
2017-01-02,2602.451416015625,2602.451416015625,2602.451416015625,2602.451416015625,0
2017-01-03,2582.835205078125,2608.990498294106,2563.2187351661396,2582.835205078125,71660600
2017-01-04,2537.0634419501584,2602.451674990111,2537.0634419501584,2582.835205078125,68494500
2017-01-05,2589.3740283821203,2635.1457915100873,2576.29638177413,2582.835205078125,74018400
2017-01-06,2595.912827148438,2622.068120117188,2589.37400390625,2615.529296875,44136900
2017-01-09,2615.5295300839553,2635.146001559585,2608.9907062587454,2628.607177734375,85713200
2017-01-10,2635.1457666015626,2635.1457666015626,2589.37400390625,2615.529296875,44608000
2017-01-11,2589.37353515625,2615.5288233901515,2582.8347130977745,2589.37353515625,47226300
2017-01-12,2563.2182469223485,2595.9123572147255,2563.2182469223485,2589.37353515625,45738500
2017-01-13,2569.757558470135,2595.9128516861156,2569.757558470135,2582.835205078125,64704600
2017-01-16,2595.9128516861156,2615.5293215981014,2582.835205078125,2582.835205078125,42188800
2017-01-17,2602.4514203203717,2615.5290656486145,2589.3737749921283,2595.91259765625,45793400
2017-01-18,2589.37353515625,2622.067645448627,2582.8347130977745,2589.37353515625,56558200
2017-01-19,2576.2961296638855,2602.4514203203717,2563.218484335642,2595.91259765625,53435400
2017-01-20,2563.2187958958875,2576.296442813724,2497.830561306707,2504.369384765625,101523500
2017-01-23,2484.752426147461,2537.063003540039,2471.6747817993164,2510.90771484375,77653500
2017-01-24,2517.446751118926,2582.834978420716,2517.446751118926,2556.6796875,113430200
2017-01-25,2576.2964067508015,2576.2964067508015,2543.602289913862,2550.14111328125,47799100
2017-01-26,2550.1408517905297,2589.3737879719224,2523.9855610029344,2576.296142578125,60944600
2017-01-27,2550.140873533901,2563.218519039203,2537.0632280285986,2543.60205078125,47240400
2017-01-30,2523.98583984375,2556.6799569401715,2523.98583984375,2523.98583984375,30060700
2017-01-31,2530.524169921875,2563.21828064438,2523.985347777374,2530.524169921875,57849200
2017-02-01,2556.679674487428,2602.45143336572,2550.1408517905297,2576.296142578125,77648400
2017-02-02,2576.29638177413,2602.451674990111,2550.141088558149,2582.835205078125,73895600
2017-02-03,2550.141088558149,2595.9128516861156,2550.141088558149,2582.835205078125,59225000
2017-02-06,2576.295891039299,2589.37353515625,2556.679424863873,2589.37353515625,52999700
2017-02-07,2569.757328578404,2589.3737967354914,2563.218505859375,2563.218505859375,66017500
2017-02-08,2550.140636355378,2563.21828064438,2523.985347777374,2530.524169921875,115706000
2017-02-09,2530.524169921875,2556.679458499879,2523.985347777374,2530.524169921875,78090700
2017-02-10,2530.5244052759476,2556.679696286552,2523.9855825232967,2543.60205078125,91636700
2017-02-13,2563.218505859375,2563.218505859375,2550.140860421317,2563.218505859375,54547600
2017-02-14,2550.1411335208873,2550.1411335208873,2510.908193005181,2523.98583984375,146309400
2017-02-15,2523.98583984375,2523.98583984375,2523.98583984375,2523.98583984375,0
2017-02-16,2537.062992066376,2543.601814210877,2510.907703488372,2530.524169921875,127779400
2017-02-17,2543.601814210877,2543.601814210877,2517.446525632873,2530.524169921875,80814700
2017-02-20,2523.985347777374,2537.062992066376,2517.446525632873,2530.524169921875,26820400
2017-02-21,2537.063232421875,2543.602055185849,2523.985586893927,2537.063232421875,49368500
2017-02-22,2537.063232421875,2543.602055185849,2517.4467641299534,2537.063232421875,74260200
2017-02-23,2523.9853591918945,2530.524181365967,2504.3688926696777,2510.90771484375,122760100
2017-02-24,2504.3688926696777,2530.524181365967,2504.3688926696777,2510.90771484375,71119600
2017-02-27,2517.446525632873,2543.601814210877,2517.446525632873,2530.524169921875,54712100
2017-02-28,2523.9856001420458,2550.1408913352275,2517.44677734375,2517.44677734375,65928100
2017-03-01,2530.524422940341,2543.602068536932,2510.9079545454547,2517.44677734375,79662500
2017-03-02,2530.524678601297,2530.524678601297,2504.369384765625,2504.369384765625,59748700
2017-03-03,2497.8303089488636,2530.524422940341,2491.2914861505683,2517.44677734375,92350100
2017-03-06,2523.985569545201,2563.218505859375,2517.446746826172,2563.218505859375,99064100
2017-03-07,2563.2187351661396,2582.835205078125,2543.6022652541537,2582.835205078125,61945400
2017-03-08,2563.2185234777708,2569.7573462417445,2537.063232421875,2537.063232421875,31336300
2017-03-09,2589.37353515625,2589.37353515625,2537.062958688447,2589.37353515625,83224900
2017-03-10,2595.9128516861156,2608.990498294106,2556.6799118621443,2582.835205078125,70318300
2017-03-13,2576.29638177413,2595.9128516861156,2563.2187351661396,2582.835205078125,54433000
2017-03-14,2582.834918740355,2661.300789689429,2582.834918740355,2648.22314453125,122779100
2017-03-15,2635.1455035823406,2667.8396165300123,2622.067858403272,2641.684326171875,80434200
2017-03-16,2654.762169289704,2713.611576983318,2654.762169289704,2707.07275390625,123306900
2017-03-17,2707.072768162637,2707.072768162637,2635.1457139360937,2687.456298828125,123085600
2017-03-20,2680.917236328125,2687.4560588557547,2648.223123689977,2680.917236328125,87628300
2017-03-21,2654.7621927051496,2693.9951315136,2654.7621927051496,2674.378662109375,75349600
2017-03-22,2654.761958691646,2667.839603808354,2622.0678458998773,2661.30078125,110927600
2017-03-23,2661.3010158398915,2680.9174852441165,2648.223369570408,2674.378662109375,72319900
2017-03-24,2667.83984375,2687.4563131893383,2648.223374310662,2667.83984375,71877500
2017-03-27,2667.83984375,2674.3786668964462,2661.301020603554,2667.83984375,56070700
2017-03-29,2667.8398108057227,2713.611572265625,2667.8398108057227,2713.611572265625,84076600
2017-03-30,2707.07275390625,2726.6892231374545,2687.456284675045,2707.07275390625,61410200
2017-03-31,2733.2278038930085,2739.76662639036,2700.53369140625,2700.53369140625,88859000
2017-04-03,2700.5336750131146,2746.3054322167263,2700.5336750131146,2726.68896484375,66564400
2017-04-04,2726.6889326746323,2805.154801240809,2726.6889326746323,2778.99951171875,108165500
2017-04-05,2778.99951171875,2778.99951171875,2778.99951171875,2778.99951171875,0
2017-04-06,2733.2277873014086,2746.3054322167263,2700.5336750131146,2726.68896484375,79905800
2017-04-07,2700.53369140625,2707.0725139036017,2687.4560464115466,2700.53369140625,72954300
2017-04-10,2687.4560588557547,2707.0725264386433,2674.3784138004953,2680.917236328125,53211800
2017-04-11,2687.456280002824,2733.2280414627257,2687.456280002824,2713.611572265625,54580200
2017-04-12,2726.6892183970253,2726.6892183970253,2687.456280002824,2713.611572265625,33441400
2017-04-13,2713.6116009178254,2726.689247187309,2674.378662109375,2674.378662109375,47225000
2017-04-17,2674.3784520632016,2674.3784520632016,2622.06787109375,2622.06787109375,51373500
2017-04-18,2654.761958691646,2693.994894041769,2648.2231361332924,2661.30078125,68193500
2017-04-19,2661.30078125,2661.30078125,2661.30078125,2661.30078125,0
2017-04-20,2635.1457139360937,2713.611591274141,2635.1457139360937,2687.456298828125,110208600
2017-04-21,2733.2279212917138,2890.15966796875,2726.689098513504,2890.15966796875,237062100
2017-04-25,2942.470250194429,2955.5478957508485,2831.3102629648615,2890.15966796875,213322700
2017-04-26,2864.0043856534094,2883.6208540482958,2850.9267400568183,2877.08203125,103930700
2017-04-27,2864.004643699943,2877.0822904748284,2850.926996925057,2857.4658203125,78695300
2017-04-28,2877.0822904748284,2883.621113862271,2857.4658203125,2857.4658203125,124845700
2017-05-02,2883.620849609375,2909.7761407622947,2864.0043812446856,2883.620849609375,140198900
2017-05-03,2955.746305263537,2955.746305263537,2908.72306858889,2915.440673828125,92896600
2017-05-04,2928.8759005828088,2949.028716412507,2915.4406900296767,2935.593505859375,100510700
2017-05-05,2922.1582790673606,2928.8758843065957,2908.72306858889,2915.440673828125,43566800
2017-05-08,2935.5934895458313,2942.3110947850664,2895.287858110419,2915.440673828125,85508700
2017-05-09,2949.0287000243015,2989.3343314597137,2908.72306858889,2915.440673828125,90061700
2017-05-10,2915.4406900296767,2962.463926965639,2908.7230847531105,2935.593505859375,85484500
2017-05-12,2962.4636985085226,2982.616512784091,2942.3108842329543,2955.74609375,84813500
2017-05-15,2969.1811142667716,2969.1811142667716,2902.005070957569,2928.87548828125,88965200
2017-05-16,2949.0287000243015,2949.0287000243015,2915.440673828125,2915.440673828125,79436500
2017-05-17,2942.3110947850664,2942.3110947850664,2888.570252871184,2915.440673828125,65470700
2017-05-18,2888.5702365954903,2915.4406574010295,2868.417420991336,2895.287841796875,78913600
2017-05-19,2888.5700419512277,3123.6862081565605,2888.5700419512277,3043.074951171875,140860000
2017-05-22,3083.3807938338928,3137.1216355564875,2982.616715604027,3002.76953125,92800400
2017-05-23,3022.922141335227,3036.3573508522727,2935.5932794744317,2955.74609375,70551200
2017-05-24,2928.87548828125,2962.4635099358516,2908.722675288489,2928.87548828125,76441800
2017-05-26,2975.8991103887024,3016.2047416806486,2975.8991103887024,3002.76953125,123903300
2017-05-29,3002.769652486119,3002.769652486119,2928.8759921341116,2949.02880859375,69694400
2017-05-30,2922.158110092198,2942.3109246445583,2908.722900390625,2908.722900390625,57720500
2017-05-31,2922.158203125,2935.5934132543102,2888.570177801724,2922.158203125,184808900
2017-06-01,2922.158203125,2922.158203125,2922.158203125,2922.158203125,0
2017-06-02,2955.746245362443,2989.334270877925,2915.440614743864,2942.31103515625,168414800
2017-06-05,2915.440673828125,2942.3110947850664,2888.570252871184,2915.440673828125,88200300
2017-06-06,2922.1582626024147,2922.1582626024147,2888.5702365954903,2895.287841796875,99538800
2017-06-07,2922.158432006836,2922.158432006836,2881.852798461914,2902.005615234375,99176400
2017-06-08,2902.005523255814,2902.005523255814,2888.5703125,2888.5703125,88979800
2017-06-09,2935.5933197937716,2942.3109246445583,2902.0052955398382,2908.722900390625,137960200
2017-06-12,2902.0052955398382,2915.4405052414118,2895.2876906890515,2908.722900390625,52481100
2017-06-13,2915.4402796194095,2928.87548828125,2908.722675288489,2928.87548828125,61967400
2017-06-14,2942.3106969430905,2942.3106969430905,2908.722675288489,2928.87548828125,72198600
2017-06-15,2922.1578839503295,2935.5930926121705,2908.722675288489,2928.87548828125,50887900
2017-06-16,2908.7230847531105,2982.6167427953374,2908.7230847531105,2935.593505859375,267351200
2017-06-19,2955.74609375,2969.181303267045,2949.0284889914774,2955.74609375,48458800
2017-06-20,2969.1815960380704,3029.640044826176,2955.7463851962693,3016.204833984375,93396600
2017-06-21,3009.487244192478,3043.075271471412,2996.0520332809047,3036.357666015625,116596300
2017-06-22,3049.792876927199,3049.792876927199,3022.9224551040516,3036.357666015625,76420700
2017-06-23,3036.357666015625,3036.357666015625,3036.357666015625,3036.357666015625,0
2017-06-26,3036.357666015625,3036.357666015625,3036.357666015625,3036.357666015625,0
2017-06-27,3036.357666015625,3036.357666015625,3036.357666015625,3036.357666015625,0
2017-06-28,3036.357666015625,3036.357666015625,3036.357666015625,3036.357666015625,0
2017-06-29,3036.357666015625,3036.357666015625,3036.357666015625,3036.357666015625,0
2017-06-30,3036.357666015625,3036.357666015625,3036.357666015625,3036.357666015625,0
2017-07-03,3043.0751739055977,3217.73291015625,3036.357568665188,3217.73291015625,213322100
2017-07-04,3163.9921236723853,3177.4273343886166,3083.380859375,3083.380859375,126977200
2017-07-05,3056.5102709641105,3083.38069092863,3043.0750609818506,3076.6630859375,76950600
2017-07-06,3069.9456800235216,3143.839339717742,3069.9456800235216,3123.6865234375,74712800
2017-07-07,3116.9688259314257,3150.556852072928,3110.251220703125,3110.251220703125,74859600
2017-07-10,3137.121358725383,3137.121358725383,3063.227707877462,3069.9453125,40905200
2017-07-11,3083.38078347911,3116.968809442935,3063.227967900815,3090.098388671875,59015400
2017-07-12,3076.6630278087796,3116.9686569940477,3076.6630278087796,3103.533447265625,42386500
2017-07-13,3130.4040198284647,3143.8392302139946,3076.663178286345,3090.098388671875,83010800
2017-07-14,3076.663178286345,3103.533599057405,3069.94557309358,3090.098388671875,61198800
2017-07-17,3069.9456800235216,3123.6865234375,3069.9456800235216,3123.6865234375,53983200
2017-07-18,3130.4040363880267,3130.4040363880267,3083.380799789923,3110.251220703125,63087200
2017-07-19,3110.25120425017,3110.25120425017,3069.94557309358,3090.098388671875,31882000
2017-07-20,3103.5336154748247,3123.686431159726,3090.0984050182237,3110.251220703125,65946300
2017-07-21,3090.0982023540296,3103.533411929482,3043.0749688399465,3063.227783203125,61852600
2017-07-24,3022.9224420362902,3123.6865234375,3022.9224420362902,3123.6865234375,139361700
2017-07-25,3143.8390533964516,3184.1446822861494,3116.968634136653,3170.70947265625,82776400
2017-07-26,3157.2744140625,3184.144834607713,3123.686388380984,3157.2744140625,65286900
2017-07-27,3157.2745505712364,3170.7097614247314,3123.6865234375,3123.6865234375,79556300
2017-07-28,3137.121598653591,3170.7096243351066,3130.4039935172873,3157.2744140625,77012600
2017-07-31,3143.8392794676174,3190.8625165536714,3137.12167416961,3150.556884765625,105620500
2017-08-01,3157.274372092833,3237.8856326569053,3150.556767045827,3204.297607421875,98006400
2017-08-02,3224.450439453125,3251.320859781901,3211.015229288737,3224.450439453125,76646000
2017-08-03,3197.5800448803193,3217.732860289229,3137.121598653591,3157.2744140625,57453500
2017-08-04,3157.274151624398,3163.9917562023224,3130.403733312701,3137.121337890625,53596700
2017-08-07,3137.1213378906255,3177.426965358171,3130.403733312701,3137.121337890625,50259300
2017-08-08,3123.686463573594,3150.556884765625,3123.686463573594,3150.556884765625,55006100
2017-08-09,3137.1215234582337,3170.70954833466,3137.1215234582337,3163.991943359375,67040700
2017-08-10,3170.70954833466,3177.4271533099454,3157.27433838409,3163.991943359375,36139000
2017-08-11,3150.5567162668603,3157.2743212055957,3130.4039014506543,3143.839111328125,61681900
2017-08-14,3170.70954833466,3177.4271533099454,3157.27433838409,3163.991943359375,45942500
2017-08-15,3190.862456436641,3190.862456436641,3163.9920357508586,3177.42724609375,62541500
2017-08-16,3190.862397327863,3211.015212468881,3177.4271872338513,3204.297607421875,72564900
2017-08-17,3204.2976074218755,3204.2976074218755,3204.2976074218755,3204.297607421875,0
2017-08-18,3204.2972882003464,3237.8853100892393,3204.2972882003464,3211.014892578125,72171800
2017-08-21,3224.4504225628934,3224.4504225628934,3177.4271872338513,3204.297607421875,36963300
2017-08-22,3224.4505153966597,3231.1681206370695,3204.2976996754305,3217.73291015625,45279100
2017-08-23,3224.450439453125,3231.168044535319,3190.862414042155,3224.450439453125,55475800
2017-08-24,3224.450101333682,3224.450101333682,3197.5796838225683,3211.014892578125,59747100
2017-08-25,3224.4504225628934,3231.1680276098996,3204.2976074218755,3204.297607421875,34666200
2017-08-28,3184.144456208882,3204.297269222862,3170.709247532895,3190.862060546875,42681600
2017-08-29,3184.1448512651955,3197.5800616080865,3163.9920357508586,3177.42724609375,66770700
2017-08-30,3170.709322257384,3197.579740242616,3170.709322257384,3184.14453125,41010800
2017-08-31,3184.144911255664,3190.8625165536714,3150.556884765625,3150.556884765625,60803000
2017-09-01,3150.556884765625,3150.556884765625,3150.556884765625,3150.556884765625,0
2017-09-04,3163.991926144331,3163.991926144331,3130.4039014506543,3143.839111328125,74663400
2017-09-05,3137.1217342909945,3143.839339717742,3103.533707157258,3123.6865234375,71280300
2017-09-06,3123.6863135076633,3177.4271533099454,3123.6863135076633,3163.991943359375,60257800
2017-09-07,3157.2744140625,3177.4272294714096,3150.556808926197,3157.2744140625,47238900
2017-09-08,3137.1214485815017,3170.70947265625,3137.1214485815017,3170.70947265625,40939600
2017-09-11,3163.991943359375,3170.70954833466,3157.27433838409,3163.991943359375,45419200
2017-09-12,3170.70947265625,3177.4270774712,3157.2742630263506,3170.70947265625,68810000
2017-09-13,3123.686463573594,3177.4273059576562,3123.686463573594,3150.556884765625,55115400
2017-09-14,3150.556547046474,3157.274151624398,3130.403733312701,3137.121337890625,53421400
2017-09-15,3123.686463573594,3157.274490063633,3123.686463573594,3150.556884765625,112759200
2017-09-18,3143.8391284335194,3170.70954833466,3130.4039184829485,3163.991943359375,61345400
2017-09-19,3150.5567334088046,3170.70954833466,3143.8391284335194,3163.991943359375,54676900
2017-09-20,3150.556884765625,3163.9920953616406,3143.8392794676174,3150.556884765625,58141200
2017-09-21,3150.556884765625,3150.556884765625,3150.556884765625,3150.556884765625,0
2017-09-22,3150.556775323276,3150.556775323276,3096.8159348060344,3116.96875,100046700
2017-09-25,3103.533707157258,3137.1217342909945,3096.8161017305106,3123.6865234375,33070000
2017-09-26,3116.9688582755866,3163.9920953616406,3116.9688582755866,3150.556884765625,83557100
2017-09-27,3150.556808926197,3163.9920191988035,3143.839203789894,3157.2744140625,60995800
2017-09-28,3170.70954833466,3184.144758285231,3163.991943359375,3163.991943359375,105241200
2017-09-29,3157.2743212055957,3190.862345899272,3137.1215063893897,3143.839111328125,202031900
2017-10-02,3150.5567162668603,3150.5567162668603,3130.4039014506543,3143.839111328125,79696400
2017-10-03,3123.686463573594,3157.274490063633,3116.9688582755866,3150.556884765625,113933700
2017-10-04,3130.404068871602,3163.9920953616406,3130.404068871602,3150.556884765625,101963100
2017-10-05,3143.8392632611317,3150.5568685245103,3116.968842207618,3130.404052734375,164687600
2017-10-06,3143.8392632611317,3143.8392632611317,3110.2512369442393,3130.404052734375,83595800
2017-10-09,3116.9686569940477,3130.4038667224704,3096.8158424014136,3103.533447265625,73027700
2017-10-10,3123.6862081565605,3123.6862081565605,3029.639741674427,3043.074951171875,95524700
2017-10-11,3049.792560369318,3056.510165127841,2895.2876509232956,2955.74609375,365951800
2017-10-12,2942.310827306799,3016.204478220897,2935.5932226782447,2982.616455078125,163091000
2017-10-13,2982.616775271586,2989.3343806212965,2955.746353872743,2975.899169921875,122491000
2017-10-16,2942.310993460323,3009.487043539326,2942.310993460323,2989.334228515625,167517000
2017-10-17,2955.74609375,2962.4636985085226,2902.005255681818,2955.74609375,286827400
2017-10-18,2955.7463662790697,2955.7463662790697,2814.676653343023,2888.5703125,379725700
2017-10-19,2841.5470269354955,2854.9822374647415,2807.9590006123813,2828.11181640625,231274800
2017-10-20,2854.982512784507,2881.8529364342435,2821.394483222336,2868.417724609375,107642900
2017-10-23,2868.4173879825366,2902.005413602941,2848.264572610294,2854.982177734375,118213500
2017-10-24,2868.4175410710327,2868.4175410710327,2841.547119140625,2841.547119140625,69942200
2017-10-25,2828.1117495511157,2841.54695976276,2727.3476729637837,2747.50048828125,308355300
2017-10-26,2693.759606581468,2861.699731680063,2693.759606581468,2794.523681640625,348271000
2017-10-27,2814.676573089232,2821.3941782756024,2740.7829160391566,2787.80615234375,122923500
2017-10-30,2787.8061960257737,2807.959011900659,2740.782958984375,2740.782958984375,140445100
2017-10-31,2787.806084493254,2787.806084493254,2707.19482421875,2707.19482421875,111757900
2017-11-01,2734.065616964992,2740.783222903481,2626.5839219491695,2653.454345703125,267366500
2017-11-02,2673.6067991043737,2760.9356644017525,2666.8891940814983,2707.19482421875,154764900
2017-11-03,2720.630067857962,2754.2180933870723,2693.7596474346733,2747.50048828125,80926400
2017-11-06,2754.2180682708085,2828.111723761001,2734.0652531371197,2814.676513671875,177511800
2017-11-07,2807.958908627312,2828.111723761001,2794.523698538186,2814.676513671875,84694700
2017-11-08,2794.523894817073,2794.523894817073,2754.21826171875,2754.21826171875,145225500
2017-11-09,2754.218051616962,2807.9588916485122,2754.218051616962,2794.523681640625,91933800
2017-11-10,2774.371170192089,2794.5239874089807,2767.653564453125,2767.653564453125,56993800
2017-11-13,2774.3710782679113,2794.523894817073,2754.21826171875,2754.21826171875,92109100
2017-11-14,2754.218169567632,2760.93577485926,2734.0653536927466,2740.782958984375,64809800
2017-11-15,2747.500429758437,2807.958874423048,2740.7828247957023,2774.370849609375,96128400
2017-11-16,2787.806259881883,2841.5471034458706,2787.806259881883,2821.394287109375,134137000
2017-11-17,2821.394287109375,2841.5471034458706,2821.394287109375,2821.394287109375,80261800
2017-11-20,2834.8293886483434,2834.8293886483434,2787.80615234375,2787.80615234375,48453900
2017-11-21,2801.2414707728794,2821.394287109375,2787.806259881883,2821.394287109375,96842900
2017-11-22,2834.829498000372,2834.829498000372,2814.6766816638765,2821.394287109375,69602300
2017-11-23,2821.3941521139704,2868.4173879825366,2821.3941521139704,2854.982177734375,62887900
2017-11-24,2834.829559326172,2902.005615234375,2834.829559326172,2902.005615234375,87879900
2017-11-27,2902.005523255814,2922.158339389535,2875.135101744186,2888.5703125,82769500
2017-11-28,2868.417464346256,2881.8526749520934,2841.5470431345816,2848.2646484375,99928100
2017-11-29,2834.829498000372,2848.264708891369,2807.959076218378,2821.394287109375,79872900
2017-11-30,2821.3941782756024,2834.8293886483434,2787.80615234375,2787.80615234375,185905200
2017-12-01,2787.80615234375,2787.80615234375,2787.80615234375,2787.80615234375,0
2017-12-04,2807.959076218378,2841.5471034458706,2794.523865327381,2821.394287109375,78040500
2017-12-05,2828.1118925548735,2834.829498000372,2807.959076218378,2821.394287109375,96504800
2017-12-06,2794.523865327381,2828.1118925548735,2794.523865327381,2821.394287109375,92126500
2017-12-07,2821.394287109375,2828.1118925548735,2794.523865327381,2821.394287109375,52703100
2017-12-08,2787.8059836862167,2821.3940075860505,2767.653169346316,2781.08837890625,88536500
2017-12-11,2760.9355645663495,2787.8059836862167,2760.9355645663495,2781.08837890625,47625800
2017-12-12,2787.806001292716,2814.676420582284,2787.806001292716,2801.2412109375,63036000
2017-12-13,2787.806259881883,2821.394287109375,2787.806259881883,2821.394287109375,49020200
2017-12-14,2834.829362362132,2854.982177734375,2821.3941521139704,2854.982177734375,61517800
2017-12-15,2821.394302692819,2848.264724623227,2807.9590917276155,2841.547119140625,77110600
2017-12-18,2854.982253740419,2854.982253740419,2801.24141131707,2848.2646484375,47756500
2017-12-19,2821.394118716438,2821.394118716438,2801.241303582749,2814.676513671875,85383600
2017-12-20,2814.676496652456,2821.3941016564,2794.523681640625,2794.523681640625,87778400
2017-12-21,2814.6765469898896,2854.982177734375,2801.241336741728,2854.982177734375,83893400
2017-12-22,2854.982285610465,2888.5703125,2828.111864098837,2888.5703125,50330400
2017-12-25,2888.5703125,2888.5703125,2888.5703125,2888.5703125,0
2017-12-26,2888.5703125,2888.5703125,2888.5703125,2888.5703125,0
2017-12-27,2868.417496366279,2895.287917877907,2868.417496366279,2888.5703125,32211800
2017-12-28,2888.5703592148348,2949.02880859375,2868.4175427551963,2949.02880859375,88576700
2017-12-29,2949.028431935353,2996.0516643352335,2949.028431935353,2982.616455078125,110053200
2018-01-01,2982.616455078125,2982.616455078125,2982.616455078125,2982.616455078125,0
2018-01-02,2975.8988322216906,2996.051645983914,2942.310809284651,2962.463623046875,66075600
2018-01-03,2942.3112013796544,2942.3112013796544,2821.394302692819,2841.547119140625,129205000
2018-01-04,2841.547195506887,2854.9824068331604,2814.6767728543396,2834.82958984375,77953300
2018-01-05,2834.8293787876023,2875.135009765625,2821.3941684615947,2875.135009765625,55863000
2018-01-08,2854.9821020851673,2881.8525218694986,2854.9821020851673,2861.69970703125,42916700
2018-01-09,2848.264708891369,2848.264708891369,2807.959076218378,2821.394287109375,100497400
2018-01-10,2821.394118716438,2854.9821439392526,2807.958908627312,2814.676513671875,95004000
2018-01-11,2821.394025404676,2821.394025404676,2787.806001292716,2801.2412109375,80524900
2018-01-12,2794.523664497579,2814.6764793857824,2774.370849609375,2774.370849609375,70976800
2018-01-15,2794.5239874089807,2801.2415931479445,2754.218352975197,2767.653564453125,71388000
2018-01-16,2787.806184818512,2834.8294216708728,2767.6533690246433,2828.11181640625,84393300
2018-01-17,2828.1118925548735,2834.829498000372,2807.959076218378,2821.394287109375,77197700
2018-01-18,2828.111630227068,2848.2644446942445,2794.5236061151077,2801.2412109375,100089500
2018-01-19,2814.676496652456,2814.676496652456,2767.6532616248496,2794.523681640625,70890100
2018-01-22,2767.653244646641,2794.523664497579,2767.653244646641,2774.370849609375,83090400
2018-01-23,2794.523724022005,2794.523724022005,2707.1948576463174,2747.50048828125,184176500
2018-01-24,2747.5003416741915,2747.5003416741915,2666.8890847057555,2673.606689453125,241779600
2018-01-25,2673.606765093671,2700.477184843356,2633.3011354691434,2666.88916015625,232552500
2018-01-26,2680.3244693618226,2794.5237575301207,2680.3244693618226,2787.80615234375,246067800
2018-01-29,2801.2412343318106,2807.958839210304,2707.194766032901,2734.065185546875,156356300
2018-01-30,2700.477184843356,2713.912394718199,2660.1715552188284,2666.88916015625,140694300
2018-01-31,2660.171405075188,2727.3474506578946,2653.4538005169175,2680.32421875,112276200
2018-02-01,2707.1947131899733,2734.065132179452,2673.606689453125,2673.606689453125,102291000
2018-02-02,2707.194807128906,2707.194807128906,2687.0419921875,2687.0419921875,71707200
2018-02-05,2653.4538927339854,2707.1947310678383,2633.3010783587906,2693.759521484375,70792500
2018-02-06,2653.453933018718,2680.3243525935914,2640.018723231282,2646.736328125,146207400
2018-02-07,2680.324294200495,2700.477108442604,2653.453875211016,2673.606689453125,120081100
2018-02-08,2673.606874076881,2713.9125053443718,2646.7364532318875,2700.477294921875,101865000
2018-02-09,2666.889557580103,2687.0423753955697,2646.7367397646362,2653.454345703125,78255000
2018-02-12,2653.453782206834,2680.324200254498,2653.453782206834,2660.17138671875,58535200
2018-02-13,2680.3240882193686,2727.3473178372524,2673.6064839882424,2713.912109375,79288000
2018-02-14,2720.629713606126,2740.7825262995048,2680.3240882193686,2713.912109375,63313200
2018-02-15,2720.6299406513012,2727.347545443033,2687.0419166926436,2693.759521484375,32896000
2018-02-16,2693.759521484375,2693.759521484375,2693.759521484375,2693.759521484375,0
2018-02-19,2720.6298828125,2740.782696759259,2713.91227816358,2720.6298828125,89429500
2018-02-20,2740.7827904253686,2740.7827904253686,2713.912370911394,2734.065185546875,53466600
2018-02-21,2713.912370911394,2740.7827904253686,2700.4771611544074,2734.065185546875,74130200
2018-02-22,2734.0651502347646,2734.0651502347646,2693.759521484375,2693.759521484375,91272600
2018-02-23,2707.19482421875,2713.9124292416254,2693.7596141729996,2707.19482421875,59706400
2018-02-26,2720.630034264501,2720.630034264501,2693.7596141729996,2707.19482421875,56293900
2018-02-27,2707.1949001331236,2707.1949001331236,2660.1716636543842,2700.477294921875,81554100
2018-02-28,2666.889177246094,2720.6300170898435,2666.889177246094,2687.0419921875,94528200
2018-03-01,2720.6298076460516,2747.500225499346,2700.476994256081,2727.347412109375,84215600
2018-03-02,2727.3475806683814,2734.065185546875,2707.194766032901,2734.065185546875,61410200
2018-03-05,2720.6301105556204,2727.347715766869,2687.0420844993782,2700.477294921875,56394900
2018-03-06,2720.6301105556204,2727.347715766869,2700.477294921875,2700.477294921875,59010500
2018-03-07,2687.0419921875,2713.912412109375,2673.6067822265622,2687.0419921875,100646000
2018-03-08,2720.6299358865485,2781.08837890625,2700.4771215466485,2781.08837890625,152547000
2018-03-09,2787.80615234375,2794.5237575301207,2747.5005212255273,2787.80615234375,97354700
2018-03-12,2801.2414707728794,2821.394287109375,2774.371048990886,2821.394287109375,87344000
2018-03-13,2794.523724022005,2807.9589342336494,2740.782883175428,2747.50048828125,96605900
2018-03-14,2734.065016572699,2747.500225499346,2713.9122031827283,2727.347412109375,74296000
2018-03-15,2707.1948496888913,2713.912454774968,2640.018798828125,2640.018798828125,133775500
2018-03-16,2640.018651832461,2653.4538612565443,2566.125,2566.125,208216200
2018-03-19,2592.9954188481674,2619.865837696335,2559.407395287958,2566.125,111808000
2018-03-20,2552.6900294569673,2559.4076347976434,2445.2083440061474,2458.6435546875,254154700
2018-03-21,2458.6434204430593,2498.9490502863882,2438.490605521395,2492.2314453125,152085900
2018-03-22,2498.948880912162,2559.407321579392,2478.796067356419,2485.513671875,132850400
2018-03-23,2364.5970799180327,2478.7963707095287,2364.5970799180327,2458.6435546875,104485500
2018-03-26,2418.3379667914346,2451.925994107982,2404.9027558648154,2411.620361328125,104993600
2018-03-27,2438.490767232488,2451.9259780712346,2378.032318458129,2391.467529296875,106157400
2018-03-28,2398.18505859375,2431.7730846244744,2378.032242975315,2398.18505859375,83907700
2018-03-29,2404.9026801215277,2418.337890625,2371.314653862847,2418.337890625,106930200
2018-03-30,2418.337890625,2418.337890625,2418.337890625,2418.337890625,0
2018-04-02,2445.208026439033,2472.078444311989,2418.3376085660766,2465.36083984375,63944000
2018-04-03,2445.2085727660124,2465.3613906734245,2431.7733608277376,2438.490966796875,57234700
2018-04-04,2438.4907063802084,2458.6435221354163,2398.1850748697916,2418.337890625,80976000
2018-04-05,2451.925798499066,2478.796218208645,2451.925798499066,2472.07861328125,102973700
2018-04-06,2472.0785958904107,2478.796200770548,2451.92578125,2451.92578125,62905500
2018-04-09,2438.4906384698274,2539.254714439655,2438.4906384698274,2532.537109375,114947800
2018-04-10,2512.3843431225714,2606.4308158597796,2505.666737927056,2592.99560546875,138847700
2018-04-11,2586.2779247668363,2613.1483447644137,2586.2779247668363,2599.713134765625,58454500
2018-04-12,2572.8431438802086,2592.9959622395836,2512.3846888020835,2519.102294921875,76340800
2018-04-13,2525.819608094262,2539.2548187756147,2438.4907386654713,2458.6435546875,88313600
2018-04-16,2458.6435546875,2458.6435546875,2458.6435546875,2458.6435546875,0
2018-04-17,2458.6435546875,2458.6435546875,2458.6435546875,2458.6435546875,0
2018-04-18,2498.949084051724,2532.537109375,2492.231478987069,2532.537109375,65927000
2018-04-19,2532.537109375,2532.537109375,2532.537109375,2532.537109375,0
2018-04-20,2532.537109375,2532.537109375,2532.537109375,2532.537109375,0
2018-04-23,2498.9494765625,2539.25511328125,2498.9494765625,2519.102294921875,72362700
2018-04-24,2559.407563132343,2572.8427734375,2532.53714252203,2572.8427734375,81396500
2018-04-25,2572.8427734375,2572.8427734375,2572.8427734375,2572.8427734375,0
2018-04-26,2572.8427734375,2572.8427734375,2572.8427734375,2572.8427734375,0
2018-04-27,2572.8427734375,2572.8427734375,2572.8427734375,2572.8427734375,0
2018-04-30,2519.101932216873,2599.713194047813,2519.101932216873,2572.8427734375,95418200
2018-05-01,2572.8427734375,2572.8427734375,2572.8427734375,2572.8427734375,0
2018-05-02,2559.4075047692586,2606.4307397650196,2539.2546897710754,2599.713134765625,118872100
2018-05-03,2586.2779325597426,2592.9955375793784,2512.38427734375,2512.38427734375,91601300
2018-05-04,2485.5139323789376,2519.1019584921664,2451.925906265709,2505.666748046875,80894300
2018-05-07,2519.1016749331825,2566.1249061986023,2505.6664660002057,2552.689697265625,97351600
2018-05-08,2565.100842892136,2579.1561899764765,2508.879454554774,2544.017822265625,107379900
2018-05-09,2529.9622835726354,2656.460397751267,2480.7685725031674,2600.239013671875,149687500
2018-05-10,2600.239013671875,2600.239013671875,2600.239013671875,2600.239013671875,0
2018-05-11,2600.2388744511877,2635.377237619447,2544.017493381973,2551.045166015625,120995700
2018-05-14,2501.85173353637,2536.99010058042,2459.6856930835097,2487.79638671875,161018200
2018-05-15,2473.7410283753707,2480.768701751437,2354.2705809822423,2368.325927734375,230994800
2018-05-16,2305.076901490661,2480.768738494522,2283.9938810501976,2445.63037109375,205406800
2018-05-17,2466.7133054541996,2536.990037803322,2452.657958984375,2452.657958984375,179026500
2018-05-18,2473.7409786891117,2480.768651924024,2389.408899870165,2452.657958984375,75748600
2018-05-21,2452.6580703467653,2452.6580703467653,2396.4366819147476,2403.46435546875,57210900
2018-05-22,2403.464414569074,2459.6858043835555,2403.464414569074,2438.602783203125,78667200
2018-05-23,2431.575109476315,2480.768825563986,2424.5474357495045,2438.602783203125,110630200
2018-05-24,2445.6304177273523,2522.9348274831023,2445.6304177273523,2501.851806640625,84178300
2018-05-25,2487.796459412307,2522.9348274831023,2480.7687857981477,2501.851806640625,66374400
2018-05-28,2515.9070201346544,2600.2390990218496,2501.8516736534552,2593.21142578125,90299200
2018-05-29,2593.21142578125,2593.21142578125,2593.21142578125,2593.21142578125,0
2018-05-30,2529.9619140625,2621.32164984809,2522.934242078993,2529.9619140625,148933500
2018-05-31,2529.962102716619,2536.9897752241654,2459.6853776411576,2473.74072265625,255204300
2018-06-01,2473.74072265625,2473.74072265625,2473.74072265625,2473.74072265625,0
2018-06-04,2487.7965047647663,2572.1285896720465,2480.768831022493,2558.0732421875,141754800
2018-06-05,2586.183777333551,2712.68189687704,2572.128430717608,2691.598876953125,181376800
2018-06-06,2663.488037109375,2691.598728793907,2642.4050183459763,2663.488037109375,143554900
2018-06-07,2670.515389278017,2691.5984055091594,2649.432373046875,2649.432373046875,122724300
2018-06-08,2607.2669721693214,2621.3223197281854,2529.962560595568,2536.990234375,260396300
2018-06-11,2536.990234375,2536.990234375,2536.990234375,2536.990234375,0
2018-06-12,2536.990234375,2536.990234375,2536.990234375,2536.990234375,0
2018-06-13,2536.990234375,2536.990234375,2536.990234375,2536.990234375,0
2018-06-14,2536.990234375,2536.990234375,2536.990234375,2536.990234375,0
2018-06-15,2536.990234375,2536.990234375,2536.990234375,2536.990234375,0
2018-06-18,2536.990234375,2536.990234375,2536.990234375,2536.990234375,0
2018-06-19,2536.990234375,2536.990234375,2536.990234375,2536.990234375,0
2018-06-20,2487.7963972477255,2607.266845703125,2466.7133769320667,2607.266845703125,295386100
2018-06-21,2565.1009294927285,2600.2392983898894,2536.990234375,2536.990234375,123848500
2018-06-22,2536.9902480141413,2551.0455956485685,2487.7965312936453,2515.9072265625,121490900
2018-06-25,2551.045156009862,2593.2111916463887,2529.9621381915986,2572.128173828125,97826600
2018-06-26,2529.9623666158536,2600.2390990218496,2529.9623666158536,2593.21142578125,91252300
2018-06-27,2593.211498826019,2656.460559772995,2593.211498826019,2607.266845703125,106616500
2018-06-28,2600.238864252476,2614.294209464652,2572.128173828125,2572.128173828125,133779300
2018-06-29,2565.1009472656247,2635.377685546875,2558.0732734374997,2635.377685546875,79116600
2018-07-02,2670.5160546875,2670.5160546875,2607.266990234375,2635.377685546875,55810800
2018-07-03,2628.349705711571,2628.349705711571,2579.1559946421035,2600.239013671875,79439500
2018-07-04,2600.2392318400935,2677.5436414353394,2551.0455166431184,2642.4052734375,54884500
2018-07-05,2670.51585702921,2691.598876953125,2642.405163797324,2691.598876953125,59717900
2018-07-06,2705.6542114890303,2733.7649045954095,2691.5988649358405,2712.681884765625,67655200
2018-07-09,2740.79253076908,2811.0692623272616,2726.7371844574436,2797.013916015625,68798500
2018-07-10,2804.0416505117864,2846.2076903691063,2782.9586305831263,2832.15234375,118127300
2018-07-11,2811.0693118842364,2867.290698121921,2782.958618765394,2853.2353515625,144055300
2018-07-12,2846.207582055069,2888.3736203077365,2839.1799090129575,2881.345947265625,114531700
2018-07-13,2867.2910447761196,2881.346393034826,2789.986629353234,2825.125,120852800
2018-07-16,2789.986340517925,2832.152380928775,2712.681933098033,2768.9033203125,66229700
2018-07-17,2789.986340517925,2789.986340517925,2733.764953303458,2768.9033203125,53740400
2018-07-18,2747.820192560591,2832.1522700816317,2733.7648463070836,2818.096923828125,75157800
2018-07-19,2811.0693734015344,2811.0693734015344,2747.8203125,2747.8203125,65340900
2018-07-20,2740.7924474271617,2804.04150390625,2733.7647744850406,2804.04150390625,66456000
2018-07-23,2832.152331723368,2874.318371401632,2818.096985163947,2853.2353515625,74605900
2018-07-24,2874.31838360732,2874.31838360732,2832.15234375,2832.15234375,64353800
2018-07-25,2853.2352488982374,2853.2352488982374,2740.79248046875,2740.79248046875,55617500
2018-07-26,2754.847815283079,2768.903161279421,2733.7647962885653,2761.87548828125,55761900
2018-07-27,2747.8203001070747,2775.9309937143084,2733.764953303458,2768.9033203125,52506800
2018-07-30,2733.7649656329922,2775.931006234015,2733.7649656329922,2747.8203125,49045100
2018-07-31,2691.5986403350403,2691.5986403350403,2494.8238050102855,2508.879150390625,339081700
2018-08-01,2508.879075429137,2529.962092869718,2459.685368067782,2494.82373046875,190720900
2018-08-02,2494.8239118303572,2522.934603794643,2424.5471819196428,2459.685546875,171276100
2018-08-03,2445.6302977104406,2452.657970979724,2410.491931364026,2431.574951171875,224005400
2018-08-06,2445.630380458048,2579.1561770922517,2445.630380458048,2565.100830078125,231846400
2018-08-07,2565.100943282996,2579.1562909174236,2508.8795527452867,2515.9072265625,111024900
2018-08-08,2529.962092869718,2529.962092869718,2473.740713028169,2494.82373046875,109077400
2018-08-09,2473.7409786891117,2494.8239983938483,2452.657958984375,2452.657958984375,110452900
2018-08-10,2466.7132198660715,2487.7962388392857,2445.6302008928574,2459.685546875,79851700
2018-08-13,2417.5196413668396,2424.547314742906,2361.2982543583084,2368.325927734375,106124800
2018-08-14,2361.298180970149,2417.519566231343,2340.2151614972013,2354.2705078125,108189200
2018-08-15,2354.270556925337,2424.5472899678844,2326.1598637083184,2410.491943359375,95526000
2018-08-16,2382.381200443097,2410.491893073694,2354.2705078125,2354.2705078125,112653900
2018-08-17,2354.2705078125,2354.2705078125,2354.2705078125,2354.2705078125,0
2018-08-20,2403.464368431969,2424.5473892076884,2368.3260004724375,2382.38134765625,163133800
2018-08-21,2389.408873600746,2417.519566231343,2354.2705078125,2354.2705078125,126746000
2018-08-22,2354.2705078125,2354.2705078125,2354.2705078125,2354.2705078125,0
2018-08-23,2382.3811368075285,2382.3811368075285,2312.1044071081915,2319.132080078125,209401300
2018-08-24,2312.1044921875,2347.242858330167,2298.049145730433,2312.1044921875,103476200
2018-08-27,2340.215198671198,2445.6302977104406,2326.159852132632,2431.574951171875,142917000
2018-08-28,2445.630488390363,2529.9625741969276,2445.630488390363,2515.9072265625,224122500
2018-08-29,2501.851878928073,2536.9902480141413,2473.741183659218,2515.9072265625,126710100
2018-08-30,2515.9070930154912,2522.934766459669,2466.71337890625,2466.71337890625,80352300
2018-08-31,2459.6856322192875,2473.7409786891117,2431.5749392796383,2452.657958984375,109920300
2018-09-03,2473.7409786891117,2494.8239983938483,2445.630285749463,2452.657958984375,46014400
2018-09-04,2459.6857439007676,2466.7134174547696,2396.4366819147476,2403.46435546875,77620800
2018-09-05,2389.4088213159403,2389.4088213159403,2283.993726257884,2298.049072265625,183864900
2018-09-06,2283.993929908389,2375.3536871047245,2283.993929908389,2361.29833984375,172294300
2018-09-07,2361.298326880531,2382.38134765625,2333.1876325129056,2382.38134765625,99447200
2018-09-10,2375.353515625,2389.4088618713017,2354.270496255547,2375.353515625,48741600
2018-09-11,2375.353515625,2375.353515625,2375.353515625,2375.353515625,0
2018-09-12,2375.3535391566265,2382.3812123493976,2326.159826807229,2333.1875,81217700
2018-09-13,2368.325736667799,2438.6024647588315,2368.325736667799,2424.547119140625,115198100
2018-09-14,2438.602495538823,2529.962243210306,2438.602495538823,2522.9345703125,156541000
2018-09-17,2494.8241730176064,2508.8795204712264,2410.4920882958845,2438.602783203125,95431800
2018-09-18,2438.602423488927,2522.934495770965,2417.5194054184176,2508.879150390625,132571400
2018-09-19,2515.906747909331,2536.989765349912,2487.796057988556,2494.82373046875,88139600
2018-09-20,2522.934242078993,2558.0726019965277,2508.878898111979,2529.9619140625,80194400
2018-09-21,2551.044930013021,2551.044930013021,2494.8235541449653,2529.9619140625,98577800
2018-09-24,2522.9347537628,2529.96242717161,2466.71336649232,2487.79638671875,48101000
2018-09-25,2487.796459412307,2501.851806640625,2473.7411121839887,2501.851806640625,25350200
2018-09-26,2494.8240601275597,2522.9347537628,2487.79638671875,2487.79638671875,51055900
2018-09-27,2515.9072265625,2522.934900379714,2494.824205110859,2515.9072265625,49549400
2018-09-28,2529.9625472184066,2579.15626341432,2529.9625472184066,2558.0732421875,116695900
2018-10-01,2536.9902077656675,2593.211597411444,2536.9902077656675,2579.15625,45504900
2018-10-02,2558.0731693499656,2579.1561899764765,2515.9071280969442,2544.017822265625,61393800
2018-10-03,2508.878898111979,2558.0726019965277,2508.878898111979,2529.9619140625,46611900
2018-10-04,2508.878898111979,2529.9619140625,2466.7128662109376,2529.9619140625,82550500
2018-10-05,2487.796717311438,2529.962763367564,2480.76904296875,2480.76904296875,59270300
2018-10-08,2459.6853776411576,2480.768395163796,2438.602360118519,2473.74072265625,71886100
2018-10-09,2480.7685329256615,2544.017589005919,2473.740860027855,2522.9345703125,58708100
2018-10-10,2558.0726019965277,2558.0726019965277,2501.8512261284723,2529.9619140625,31937500
2018-10-11,2459.6854415594366,2558.072859221814,2445.6300961790967,2508.879150390625,114418300
2018-10-12,2551.045470527981,2600.239184835683,2544.017797055452,2586.183837890625,87991200
2018-10-15,2600.238864252476,2635.377227282915,2565.1005012220376,2572.128173828125,68466400
2018-10-16,2586.1837177579364,2656.46044921875,2586.1837177579364,2656.46044921875,98103600
2018-10-17,2670.5157502003203,2747.820153495593,2670.5157502003203,2740.79248046875,122953700
2018-10-18,2698.6266622340427,2726.737356632314,2614.294579039229,2642.4052734375,102322600
2018-10-19,2600.23924472185,2649.4329601625336,2593.2115710874664,2621.322265625,140162100
2018-10-22,2621.3221557617185,2691.598889160156,2621.3221557617185,2670.515869140625,57680500
2018-10-23,2670.515743771115,2670.515743771115,2579.1559946421035,2600.239013671875,53266800
2018-10-24,2600.238827792081,2607.266500299627,2473.74072265625,2473.74072265625,117672200
2018-10-25,2452.657695587588,2515.906747909331,2431.574678147007,2494.82373046875,120108900
2018-10-26,2515.9068028473657,2572.1281839165804,2515.9068028473657,2551.045166015625,100554100
2018-10-29,2551.045156009862,2572.128173828125,2515.906792979423,2572.128173828125,54304000
2018-10-30,2558.073095703125,2705.6542358398438,2551.045422363281,2670.515869140625,158933000
2018-10-31,2705.654296875,2719.709643871753,2621.3222148944806,2705.654296875,140351400
2018-11-01,2705.654042037492,2726.737060546875,2677.543350691648,2726.737060546875,69586900
2018-11-02,2740.7926267052662,2768.9033203125,2726.73727990165,2768.9033203125,98072700
2018-11-05,2705.653957965135,2747.8199936736823,2705.653957965135,2733.7646484375,60121700
2018-11-06,2761.875338909865,2761.875338909865,2684.570940110861,2733.7646484375,58088000
2018-11-07,2740.792783326741,2775.93115234375,2719.709761916535,2775.93115234375,98350100
2018-11-08,2789.9863159179686,2811.0693359375,2754.84794921875,2811.0693359375,74004300
2018-11-09,2782.958346619898,2782.958346619898,2754.84765625,2754.84765625,45243300
2018-11-12,2733.7649045954095,2775.930944254979,2712.681884765625,2712.681884765625,57256000
2018-11-13,2677.543530337182,2705.654223569068,2635.377490489352,2691.598876953125,89819400
2018-11-14,2712.68209765625,2726.7374453125,2635.377685546875,2635.377685546875,72968500
2018-11-15,2670.515904731458,2768.903332800511,2663.488231297954,2747.8203125,71440400
2018-11-16,2761.875681785301,2888.373804615162,2754.848008294753,2846.207763671875,128595600
2018-11-19,2846.207890377769,2846.207890377769,2761.8758047369465,2775.93115234375,72785900
2018-11-20,2775.93115234375,2775.93115234375,2775.93115234375,2775.93115234375,0
2018-11-21,2712.681766394413,2782.95849609375,2705.6540934244795,2782.95849609375,97525800
2018-11-22,2747.820203924898,2804.0415891714433,2747.820203924898,2797.013916015625,52279900
2018-11-23,2797.013830964129,2811.0691768483707,2775.930812137766,2804.04150390625,35499400
2018-11-26,2797.013830964129,2811.0691768483707,2775.930812137766,2804.04150390625,43879100
2018-11-27,2768.9030975656415,2775.9307704021026,2705.654042037492,2726.737060546875,116422400
2018-11-28,2733.764878139701,2740.7925513482865,2607.2667603851646,2614.29443359375,195860500
2018-11-29,2649.4326276320185,2677.543318641377,2607.266591117981,2628.349609375,120921500
2018-11-30,2642.405225670856,2656.460572615914,2586.183837890625,2586.183837890625,151545800
2018-12-03,2628.349705711571,2649.432724741343,2600.239013671875,2600.239013671875,106891000
2018-12-04,2614.294410342262,2656.46044921875,2614.294410342262,2656.46044921875,121586400
2018-12-05,2628.3493568157323,2670.515389278017,2621.3216847386852,2649.432373046875,58424400
2018-12-06,2628.3498660187834,2649.432886334442,2600.239172264572,2607.266845703125,62164100
2018-12-07,2600.239271117166,2607.266944822888,2572.128576294278,2579.15625,92902000
2018-12-10,2565.1008174730387,2614.2945317807407,2536.990123582923,2586.183837890625,70093700
2018-12-11,2558.0731693499656,2579.1561899764765,2536.9901487234547,2544.017822265625,88050700
2018-12-12,2572.1285035851884,2579.1561770922517,2544.017809556935,2565.100830078125,87333000
2018-12-13,2586.1839687499996,2656.46070703125,2572.1286210937496,2635.377685546875,118965900
2018-12-14,2670.5159810656837,2698.6266756032173,2621.322265625,2621.322265625,139547100
2018-12-17,2628.3498660187834,2649.432886334442,2607.266845703125,2607.266845703125,86251600
2018-12-18,2600.238918365642,2628.349609375,2586.1835728609626,2628.349609375,79833100
2018-12-19,2628.349745222277,2677.54345703125,2628.349745222277,2677.54345703125,81542500
2018-12-20,2677.543318641377,2677.543318641377,2614.2942638703207,2628.349609375,100129200
2018-12-21,2600.2392318400935,2649.432947037068,2600.2392318400935,2642.4052734375,114752300
2018-12-24,2642.4052734375,2642.4052734375,2642.4052734375,2642.4052734375,0
2018-12-25,2642.4052734375,2642.4052734375,2642.4052734375,2642.4052734375,0
2018-12-26,2621.322265625,2635.3776128937666,2600.23924472185,2621.322265625,50416400
2018-12-27,2656.46070703125,2663.488380859375,2621.322337890625,2635.377685546875,49980900
2018-12-28,2649.433033203125,2656.46070703125,2635.377685546875,2635.377685546875,48224400
2018-12-31,2635.377685546875,2635.377685546875,2635.377685546875,2635.377685546875,0
2019-01-01,2635.377685546875,2635.377685546875,2635.377685546875,2635.377685546875,0
2019-01-02,2635.3776128937666,2642.40528652815,2600.23924472185,2621.322265625,31355300
2019-01-03,2607.266591117981,2649.4326276320185,2593.2112456133023,2628.349609375,83842400
2019-01-04,2593.211498826019,2628.3498660187834,2593.211498826019,2607.266845703125,73936900
2019-01-07,2642.4047009698274,2663.4877172009697,2635.37702889278,2649.432373046875,83678100
2019-01-08,2649.4328491210936,2670.515869140625,2635.3775024414062,2670.515869140625,67963700
2019-01-09,2684.5713283344503,2691.599001968834,2621.322265625,2621.322265625,98529400
2019-01-10,2642.40517578125,2670.515869140625,2628.3498291015626,2670.515869140625,126396700
2019-01-11,2684.5711916592454,2712.681884765625,2670.5158451060556,2712.681884765625,116753700
2019-01-14,2677.5436028814934,2705.654296875,2663.4882558847403,2705.654296875,68487000
2019-01-15,2712.681777294052,2761.87548828125,2705.654104295881,2761.87548828125,83464900
2019-01-16,2768.9031391956455,2811.0691768483707,2754.8477933114036,2804.04150390625,139056700
2019-01-17,2789.986158022008,2804.04150390625,2782.958485079887,2804.04150390625,78766100
2019-01-18,2818.0973258706467,2825.125,2789.986629353234,2825.125,76350400
2019-01-21,2839.1800170595534,2846.2076903691063,2825.1246704404466,2832.15234375,83317600
2019-01-22,2811.0693359375,2818.0970092773437,2761.8756225585935,2811.0693359375,95420500
2019-01-23,2775.9306740274233,2797.013691804847,2754.84765625,2754.84765625,72518500
2019-01-24,2740.7925778720046,2747.8202511485993,2691.5988649358405,2712.681884765625,118836500
2019-01-25,2726.737060546875,2761.8754247291804,2698.626369201031,2726.737060546875,75844000
2019-01-28,2726.7371806795636,2733.764853825645,2621.322083488343,2656.46044921875,168983100
2019-01-29,2656.460666656494,2705.6543827056885,2656.460666656494,2698.626708984375,118131200
2019-01-30,2705.6542114890303,2733.7649045954095,2691.5988649358405,2712.681884765625,85903100
2019-01-31,2740.79248046875,2754.8478265224358,2719.7094613882214,2740.79248046875,110953700
2019-02-01,2747.8201648800873,2761.8755109920057,2691.5987804324127,2719.70947265625,79588900
2019-02-04,2733.764853825645,2733.764853825645,2656.46044921875,2656.46044921875,70070500
2019-02-05,2656.46044921875,2656.46044921875,2656.46044921875,2656.46044921875,0
2019-02-06,2684.5711916592454,2719.70955804222,2684.5711916592454,2712.681884765625,72180200
2019-02-07,2733.7649045954095,2733.7649045954095,2691.5988649358405,2712.681884765625,39141500
2019-02-08,2677.5436028814934,2705.654296875,2677.5436028814934,2705.654296875,32131700
2019-02-11,2719.709450292223,2768.903161279421,2712.681777294052,2761.87548828125,88628900
2019-02-12,2740.7924280616003,2747.8201009540658,2670.515699136944,2684.571044921875,92427800
2019-02-13,2698.6264017150397,2705.6540746361725,2656.4603641882422,2663.488037109375,113161100
2019-02-14,2663.4879731366977,2677.543318641377,2628.349609375,2628.349609375,76939400
2019-02-15,2649.4326912671095,2670.515710030508,2621.3219995825775,2663.488037109375,67812600
2019-02-18,2691.5987692808494,2754.8478265224358,2691.5987692808494,2740.79248046875,80275800
2019-02-19,2761.8753288424746,2768.903001434949,2740.792311065051,2754.84765625,82962700
2019-02-20,2768.903184047965,2768.903184047965,2691.5987804324127,2719.70947265625,87933000
2019-02-21,2719.70947265625,2733.764818768169,2712.681799600291,2719.70947265625,48031100
2019-02-22,2719.7097301483154,2719.7097301483154,2684.571361541748,2698.626708984375,61392700
2019-02-25,2740.792639066496,2754.847985933504,2705.6542718989767,2747.8203125,53792400
2019-02-26,2754.847815283079,2761.87548828125,2726.7371232903943,2761.87548828125,49657300
2019-02-27,2740.792639066496,2768.903332800511,2733.7649656329922,2747.8203125,48788200
2019-02-28,2726.737231318815,2740.7925778720046,2698.626538212435,2712.681884765625,161156000
2019-03-01,2733.7649656329922,2754.847985933504,2726.7372921994884,2747.8203125,49810100
2019-03-04,2747.8203378652597,2747.8203378652597,2705.654296875,2705.654296875,32250500
2019-03-05,2733.764818768169,2733.764818768169,2684.5711073764537,2719.70947265625,41171000
2019-03-06,2712.681736491738,2726.737082276669,2684.571044921875,2684.571044921875,69927600
2019-03-07,2684.571044921875,2684.571044921875,2684.571044921875,2684.571044921875,0
2019-03-08,2677.543318641377,2684.5709913937167,2628.349609375,2628.349609375,105963500
2019-03-11,2656.460522460937,2684.5712158203123,2642.40517578125,2670.515869140625,43971600
2019-03-12,2670.5159678357713,2684.571315034907,2621.3222526387967,2642.4052734375,43343700
2019-03-13,2621.3221068023354,2649.432799636677,2607.2667603851646,2614.29443359375,45607600
2019-03-14,2614.2942638703207,2642.4049548796793,2607.266591117981,2628.349609375,62094100
2019-03-15,2614.2946640625,2642.405359375,2607.266990234375,2635.377685546875,68778100
2019-03-18,2649.432680459547,2684.571044921875,2642.405007567081,2684.571044921875,44322600
2019-03-19,2670.5157955109125,2684.5711418030755,2649.4327760726687,2656.46044921875,33156500
2019-03-20,2677.5436414353394,2684.571315034907,2635.3775998379324,2642.4052734375,42784600
2019-03-21,2670.515710030508,2677.543382951641,2656.4603641882422,2663.488037109375,36527500
2019-03-22,2670.515869140625,2684.5712158203123,2663.4881958007813,2670.515869140625,26772900
2019-03-25,2621.3219995825775,2663.488037109375,2614.2943266614448,2663.488037109375,49162900
2019-03-26,2656.4603533520126,2684.571044921875,2656.4603533520126,2684.571044921875,23049100
2019-03-27,2698.6263907068064,2698.6263907068064,2677.5433720294095,2684.571044921875,35521900
2019-03-28,2684.571023528109,2733.764733383336,2677.543350691648,2726.737060546875,55847200
2019-03-29,2726.7371123342805,2789.986169063684,2726.7371123342805,2782.95849609375,82231400
2019-04-01,2775.930834277592,2782.958507275763,2740.7924692867364,2761.87548828125,28246400
2019-04-02,2747.820142284908,2775.930834277592,2747.820142284908,2761.87548828125,35443400
2019-04-03,2761.87548828125,2761.87548828125,2761.87548828125,2761.87548828125,0
2019-04-04,2797.013977202233,2839.1800170595534,2775.930957273573,2832.15234375,96122100
2019-04-05,2825.1246584436576,2874.318371401632,2811.0693118842364,2853.2353515625,66832600
2019-04-08,2825.1248689675635,2832.1525427709653,2768.9034785403483,2775.93115234375,73208300
2019-04-09,2797.014173753956,2811.0695213607596,2747.8204571301426,2775.93115234375,88580200
2019-04-10,2754.847815283079,2775.930834277592,2733.7647962885653,2761.87548828125,52555500
2019-04-11,2740.7923210555914,2761.875338909865,2726.7369758194086,2733.7646484375,51480700
2019-04-12,2684.571203645153,2719.7095701850117,2677.543530337182,2691.598876953125,45324300
2019-04-15,2712.68189687704,2712.68189687704,2677.543530337182,2691.598876953125,44510600
2019-04-16,2691.5987804324127,2726.7371457122094,2691.5987804324127,2719.70947265625,62572100
2019-04-17,2719.70947265625,2719.70947265625,2719.70947265625,2719.70947265625,0
2019-04-18,2754.8479244251944,2775.930944254979,2698.626538212435,2712.681884765625,119263400
2019-04-19,2712.681884765625,2712.681884765625,2712.681884765625,2712.681884765625,0
2019-04-22,2712.6818343874006,2712.6818343874006,2656.46044921875,2656.46044921875,48671200
2019-04-23,2656.4605823863635,2719.709643871753,2621.3222148944806,2705.654296875,86443700
2019-04-24,2705.6543827056885,2712.682056427002,2656.460666656494,2698.626708984375,76660900
2019-04-25,2670.51585702921,2698.626550261097,2663.488183721239,2691.598876953125,52775100
2019-04-26,2670.515904731458,2747.8203125,2670.515904731458,2747.8203125,66452700
2019-04-29,2705.6542114890303,2740.7925778720046,2705.6542114890303,2712.681884765625,50143700
2019-04-30,2733.7647663207044,2733.7647663207044,2635.3773454248435,2663.488037109375,132318200
2019-05-01,2663.488037109375,2663.488037109375,2663.488037109375,2663.488037109375,0
2019-05-02,2642.405163797324,2726.737243492983,2642.405163797324,2691.598876953125,136768800
2019-05-03,2670.515699136944,2691.598717814341,2642.405007567081,2684.571044921875,101522800
2019-05-06,2642.405319213867,2698.626708984375,2614.2946243286133,2698.626708984375,107167400
2019-05-07,2719.7094613882214,2747.820153495593,2698.6264423076923,2740.79248046875,74814500
2019-05-08,2733.764807441907,2754.8478265224358,2719.7094613882214,2740.79248046875,77743400
2019-05-09,2712.6819091796874,2740.7926025390625,2670.515869140625,2670.515869140625,74716500
2019-05-10,2670.515710030508,2698.6264017150397,2663.488037109375,2663.488037109375,66672500
2019-05-13,2684.570733432112,2698.6260775862065,2642.4047009698274,2649.432373046875,47605100
2019-05-14,2621.3222526387967,2670.5159678357713,2614.294579039229,2642.4052734375,77483200
2019-05-15,2649.432572495091,2663.487917707266,2572.128173828125,2572.128173828125,57596600
2019-05-16,2572.1279459635416,2614.293977864583,2480.7682101779515,2529.9619140625,107366200
2019-05-17,2536.9901133480234,2544.0177867922007,2459.6857054620727,2466.71337890625,94437400
2019-05-20,2473.7405381944445,2544.017258029514,2445.629850260417,2529.9619140625,82354400
2019-05-21,2529.9619140625,2551.044930013021,2494.8235541449653,2529.9619140625,106104000
2019-05-22,2522.9347537628,2529.96242717161,2487.79638671875,2487.79638671875,63687000
2019-05-23,2487.7961025550717,2593.2111916463887,2487.7961025550717,2572.128173828125,113281100
2019-05-24,2600.2393164062496,2656.46070703125,2593.2116425781246,2635.377685546875,87594500
2019-05-27,2642.405007567081,2691.598717814341,2635.3773346746157,2684.571044921875,87146600
2019-05-28,2670.5158314278456,2684.5711779090448,2593.21142578125,2593.21142578125,322246900
2019-05-29,2635.3774297805057,2691.598814949157,2621.322083488343,2656.46044921875,122534500
2019-05-30,2656.46044921875,2656.46044921875,2656.46044921875,2656.46044921875,0
2019-05-31,2656.4604041466346,2761.875499549279,2656.4604041466346,2740.79248046875,194331700
2019-06-03,2740.79248046875,2740.79248046875,2740.79248046875,2740.79248046875,0
2019-06-04,2740.79248046875,2740.79248046875,2740.79248046875,2740.79248046875,0
2019-06-05,2740.79248046875,2740.79248046875,2740.79248046875,2740.79248046875,0
2019-06-06,2740.79248046875,2740.79248046875,2740.79248046875,2740.79248046875,0
2019-06-07,2740.79248046875,2740.79248046875,2740.79248046875,2740.79248046875,0
2019-06-10,2811.0692392481437,2853.235277836866,2789.986219953783,2839.179931640625,222522800
2019-06-11,2818.0973258706467,2853.235696517413,2811.0696517412935,2825.125,88861700
2019-06-12,2842.5772872382613,2893.860898090498,2813.272366751269,2886.53466796875,134724400
2019-06-13,2886.5348625469924,2923.166015625,2857.2299400845864,2923.166015625,115734700
2019-06-14,2945.1447074718044,2967.123399318609,2908.5135543937968,2923.166015625,92466800
2019-06-17,2893.8611340645034,2908.5135955028045,2857.22998046875,2857.22998046875,60851700
2019-06-18,2849.9040055011387,2923.166319267235,2849.9040055011387,2915.840087890625,66112800
2019-06-20,3011.0809809618654,3011.0809809618654,2945.144901086788,2959.79736328125,57673700
2019-06-21,2937.8186699895573,2959.79736328125,2893.8612834061723,2959.79736328125,154049700
2019-06-24,2967.1237075268923,2967.1237075268923,2908.5138565140155,2915.840087890625,50525100
2019-06-25,2959.797296310006,2959.797296310006,2930.4923725841645,2937.818603515625,42601100
2019-06-26,2945.1450133970634,2967.1237075268923,2915.840087890625,2915.840087890625,56092200
2019-06-27,2937.818619035567,3018.4071597073657,2930.4923880654032,2996.428466796875,94221200
2019-06-28,3003.7544051460595,3077.0167077105975,2996.428174889606,3033.059326171875,130153100
2019-07-01,3077.0169718231637,3106.321895364337,3055.0382791672837,3091.66943359375,79382300
2019-07-02,3106.3219623161763,3113.648193359375,3062.3645760569852,3113.648193359375,87999800
2019-07-03,3047.7119324882074,3106.32177734375,3047.7119324882074,3106.32177734375,63296200
2019-07-04,3069.6908071001835,3120.9744244025733,3069.6908071001835,3113.648193359375,38459300
2019-07-05,3120.9742477274385,3135.626708984375,3106.321786470502,3135.626708984375,50332800
2019-07-08,3098.9956140451186,3142.952998641503,3084.3431525129904,3128.300537109375,57903400
2019-07-09,3150.2792463631463,3201.5628620016164,3128.3005539466594,3186.910400390625,124822400
2019-07-10,3157.6055871212125,3164.9318181818185,3120.974431818182,3142.953125,62529900
2019-07-11,3113.648075577247,3135.6267678754393,3106.321844811183,3128.300537109375,25645900
2019-07-12,3106.32213479366,3113.6483662436453,3055.0385146437648,3062.36474609375,57088600
2019-07-15,3113.6480170989703,3142.9529396128432,3098.995555842034,3135.626708984375,66960500
2019-07-16,3106.32177734375,3135.626699771521,3084.3430855229212,3106.32177734375,45461500
2019-07-17,3113.6480669603284,3120.9742977061173,3091.669374722961,3098.99560546875,32069800
2019-07-18,3091.6693161298645,3113.6480079506928,3084.3430855229212,3106.32177734375,45408100
2019-07-19,3120.974306343311,3135.6267678754393,3113.648075577247,3128.300537109375,60692800
2019-07-22,3113.648134330069,3128.300596138681,3098.995672521457,3120.974365234375,37513700
2019-07-23,3120.9744244025733,3128.300655445772,3077.0170381433823,3113.648193359375,62628100
2019-07-24,3098.9955967286323,3106.321827453759,3047.7119816527447,3069.690673828125,73904300
2019-07-25,3047.711865350356,3106.321708914786,3047.711865350356,3084.343017578125,49276300
2019-07-26,3047.7119140625,3084.343066875751,3011.0807612492486,3047.7119140625,70952400
2019-07-29,3040.385692778088,3106.321768043155,3033.0594621930804,3077.016845703125,54336900
2019-07-30,3135.6267678754393,3150.2792294075675,3120.974306343311,3128.300537109375,88417200
2019-07-31,3106.3219113372097,3150.279296875,3084.343218568314,3150.279296875,175741000
2019-08-01,3150.279170241311,3150.279170241311,3120.9742477274385,3135.626708984375,94856600
2019-08-02,3135.626708984375,3150.279170241311,3113.6480170989703,3135.626708984375,82253800
2019-08-05,3077.0168169806984,3091.66927801394,2974.4495897480087,2989.10205078125,112253200
2019-08-06,2974.4495415121823,3069.6905366837545,2967.1233111143692,3025.733154296875,108890100
2019-08-07,3098.9954784692322,3128.300400251447,3055.03809579591,3084.343017578125,104785500
2019-08-08,3128.300596138681,3142.953057947293,3106.321903425763,3120.974365234375,95204000
2019-08-09,3150.279288851599,3150.279288851599,3106.321903425763,3120.974365234375,89600500
2019-08-12,3150.279288851599,3164.9317506602115,3098.995672521457,3120.974365234375,41817800
2019-08-13,3142.953117532169,3142.953117532169,3098.9957312729775,3113.648193359375,98757900
2019-08-14,3150.279356060606,3150.279356060606,3128.300662878788,3142.953125,84928200
2019-08-15,3077.0170454545455,3142.953125,3077.0170454545455,3142.953125,97255500
2019-08-16,3150.279170241311,3157.6054008697793,3091.669325213566,3135.626708984375,51853900
2019-08-19,3179.583984375,3179.583984375,3142.9528324812786,3179.583984375,86011300
2019-08-20,3186.9101873820264,3274.824951171875,3179.5839570662056,3274.824951171875,143171600
2019-08-21,3267.4988285678855,3296.803750797194,3216.2152146665962,3230.86767578125,99649300
2019-08-22,3208.8892336727527,3260.1728515625,3164.931846910112,3260.1728515625,110968600
2019-08-23,3216.2153911155106,3260.1727768710757,3179.5842363192064,3208.88916015625,83823900
2019-08-26,3135.626659930716,3194.2365040415702,3135.626659930716,3172.2578125,77603200
2019-08-27,3216.2153911155106,3230.8678530340326,3164.931774400685,3208.88916015625,168209400
2019-08-28,3245.520374848041,3245.520374848041,3186.9105260923197,3201.56298828125,68091100
2019-08-29,3201.562929196989,3252.8465459118147,3201.562929196989,3208.88916015625,65718900
2019-08-30,3245.5203893082867,3260.1728515625,3238.19415818118,3260.1728515625,95138200
2019-09-02,3252.8463674532313,3260.1725980105584,3223.5414452239233,3230.86767578125,27531000
2019-09-03,3252.846477640086,3252.846477640086,3172.2579387796336,3186.910400390625,66884700
2019-09-04,3157.6055871212125,3186.9105113636365,3135.626893939394,3142.953125,78905600
2019-09-05,3142.953191121419,3194.236809624566,3142.953191121419,3164.931884765625,97098300
2019-09-06,3194.236474261431,3194.236474261431,3084.343017578125,3084.343017578125,117223300
2019-09-09,3135.6267678754393,3150.2792294075675,3106.321844811183,3128.300537109375,47057300
2019-09-10,3150.2792294075675,3150.2792294075675,3113.648075577247,3128.300537109375,80403000
2019-09-11,3150.2793485753673,3150.2793485753673,3084.3432691865805,3113.648193359375,90211600
2019-09-12,3091.6694851150332,3098.9957161224147,3047.7120990707435,3055.038330078125,70382200
2019-09-13,3098.9955280010513,3098.9955280010513,3047.7119140625,3047.7119140625,64074800
2019-09-16,3047.7120482819905,3120.974357134923,3047.7120482819905,3091.66943359375,85284700
2019-09-17,3106.321844811183,3135.6267678754393,3091.6693832790543,3128.300537109375,86432000
2019-09-18,3113.648193359375,3135.6268864889703,3098.9957312729775,3113.648193359375,72359600
2019-09-19,3120.974169805894,3120.974169805894,3069.6905566870173,3084.343017578125,58720600
2019-09-20,3113.648200757576,3150.279356060606,3098.995738636364,3142.953125,132359100
2019-09-23,3142.953117532169,3150.2793485753673,3098.9957312729775,3113.648193359375,70483600
2019-09-24,3084.343017578125,3106.321708914786,3040.3856349048024,3084.343017578125,88979100
2019-09-25,3091.66943359375,3113.64812624963,3062.3645100525773,3091.66943359375,84582300
2019-09-26,3091.669342880949,3201.5628029359586,3077.016881540281,3194.236572265625,79324000
2019-09-27,3157.60546875,3186.9103918938517,3150.2792379640373,3157.60546875,52305800
2019-09-30,3128.3005456061487,3172.257930321926,3128.3005456061487,3157.60546875,111879100
2019-10-01,3223.541659007353,3223.541659007353,3091.6695002297793,3113.648193359375,60332400
2019-10-02,3120.9742292131696,3150.2791515531994,3069.6906151181174,3077.016845703125,51606300
2019-10-03,3069.6906151181174,3113.6479986281624,3047.711923363095,3077.016845703125,56433000
2019-10-04,3113.6480581788855,3113.6480581788855,3062.3644431029984,3069.690673828125,34082000
2019-10-07,3106.321809420621,3106.321809420621,2996.4283491816836,3011.080810546875,42996900
2019-10-08,3055.038314558183,3055.038314558183,2974.4497738863847,2996.428466796875,74448900
2019-10-09,2996.428775528102,3055.0386293281626,2989.1025438030947,3018.407470703125,59314500
2019-10-10,2974.4496571338964,3018.407041229471,2974.4496571338964,3011.080810546875,34345600
2019-10-11,3003.754713026454,3055.038330078125,3003.754713026454,3055.038330078125,42198800
2019-10-14,3077.0169045532516,3084.3431352783787,3040.3857509276177,3069.690673828125,52681800
2019-10-15,3069.6907920928884,3069.6907920928884,3040.385868063362,3055.038330078125,64670200
2019-10-16,3055.038330078125,3069.6907920928884,3033.05963705598,3055.038330078125,70555700
2019-10-17,3047.7120990707435,3062.364561085507,3033.05963705598,3055.038330078125,50695300
2019-10-18,3055.0382123778713,3069.690673828125,3047.7119816527447,3069.690673828125,169540200
2019-10-21,3077.016845703125,3113.6479986281624,3069.6906151181174,3077.016845703125,63797000
2019-10-22,3077.016913231383,3113.6480669603284,3077.016913231383,3098.99560546875,56711100
2019-10-23,3084.3432107128447,3128.300596138681,3084.3432107128447,3120.974365234375,97971900
2019-10-24,3150.2792463631463,3186.910400390625,3113.648092335668,3186.910400390625,99213400
2019-10-25,3164.9316314982475,3194.23655401212,3128.3004783559068,3135.626708984375,67661500
2019-10-28,3135.6268270429873,3135.6268270429873,3091.669441617151,3120.974365234375,30710600
2019-10-29,3098.995507361432,3172.2578125,3091.669276847575,3172.2578125,68715000
2019-10-30,3142.952998641503,3186.910383237888,3084.3431525129904,3128.300537109375,89575600
2019-10-31,3091.669348055429,3106.321809420621,2989.1021184990877,3011.080810546875,185713300
2019-11-01,2996.428281297871,3040.385664397595,2974.4495897480087,2989.10205078125,107208500
2019-11-04,2989.1023672816264,3047.7122176204816,2989.1023672816264,3040.385986328125,65897700
2019-11-05,3055.0381539481027,3077.016845703125,3025.733231608073,3077.016845703125,109276000
2019-11-06,3062.3648610531704,3069.6910927781782,3011.081238978117,3018.407470703125,134618700
2019-11-07,3040.3857241918763,3040.3857241918763,2923.1660336206232,2981.77587890625,125291200
2019-11-08,2937.8185037209173,3018.407041229471,2923.1660423557255,3011.080810546875,70404800
2019-11-11,2959.797253715701,3018.407100323933,2959.797253715701,3003.754638671875,57079800
2019-11-12,2967.1237372439446,3069.6909775437352,2967.1237372439446,3062.36474609375,88251100
2019-11-13,3025.733523743411,3055.0384489128387,3003.75482986634,3040.385986328125,91925700
2019-11-14,3011.0809208622686,3025.7333827642747,2937.818611352238,2967.12353515625,123468500
2019-11-15,2989.10205078125,2996.428281297871,2952.4708981981466,2989.10205078125,50780500
2019-11-18,2959.7973559570314,2974.4498181152344,2923.1662005615235,2930.492431640625,104978700
2019-11-19,2930.492313821517,2945.144775390625,2908.513621467856,2945.144775390625,113996600
2019-11-20,2930.4923880654032,2996.428466796875,2930.4923880654032,2996.428466796875,149185500
2019-11-21,2967.1234677442862,2996.4283908825014,2945.144775390625,2945.144775390625,64005900
2019-11-22,2952.471073254244,2967.12353515625,2930.4923804012346,2967.12353515625,76569400
2019-11-25,2981.7761026503167,2981.7761026503167,2886.535096914557,2893.861328125,107581200
2019-11-26,2893.8613749291612,2901.187606258096,2827.92529296875,2827.92529296875,281002600
2019-11-27,2835.251162184882,2879.2085445443377,2783.967549432184,2842.577392578125,97511300
2019-11-28,2805.946103081029,2857.229713320108,2783.9674129785667,2798.619873046875,70635000
2019-11-29,2827.9251239961036,2893.861202016738,2813.27266221374,2879.208740234375,72146900
2019-12-02,2901.187559335443,2901.187559335443,2879.208865704114,2893.861328125,74263500
2019-12-03,2871.882568359375,2886.5350304428416,2864.556337317642,2871.882568359375,74494000
2019-12-04,2871.882401315789,2923.166015625,2857.2299400845864,2923.166015625,64948300
2019-12-05,2923.1663313240842,2989.1024139855294,2923.1663313240842,2974.449951171875,118494800
2019-12-06,2959.797253715701,3003.754638671875,2945.1447920636433,3003.754638671875,50682100
2019-12-09,2989.102109566953,3011.0808015490634,2967.123417584843,2981.77587890625,80864200
2019-12-10,2967.1235943784804,2981.7760565729423,2937.8186699895573,2959.79736328125,54824900
2019-12-11,2937.818611352238,2967.12353515625,2930.4923804012346,2967.12353515625,79749500
2019-12-12,2959.7974090189873,2967.1236402294303,2893.861328125,2893.861328125,147627000
2019-12-13,2930.492246240601,2945.1447074718044,2901.187323778195,2923.166015625,81937300
2019-12-16,2908.513427734375,2945.1445792171758,2901.187197437815,2908.513427734375,86479200
2019-12-17,2908.5138565140155,2923.166319267235,2893.8613937607965,2915.840087890625,91747200
2019-12-18,2901.187323778195,2930.492246240601,2893.861093162594,2923.166015625,101569300
2019-12-19,2908.5135955028045,2915.8398262219553,2857.22998046875,2857.22998046875,127316000
2019-12-20,2857.2300059759796,2945.144775390625,2857.2300059759796,2945.144775390625,152132200
2019-12-23,2945.144775390625,2952.471006175179,2915.83985225241,2945.144775390625,58715700
2019-12-26,2945.1448937988284,2945.1448937988284,2915.839969482422,2930.492431640625,36935300
2019-12-27,2923.166015625,2937.818476856203,2915.8397850093984,2923.166015625,52812000
2019-12-30,2915.8396580309354,2952.470809513736,2908.513427734375,2908.513427734375,67738300
2020-01-02,2908.5135357556746,2930.492227461637,2857.2299217750956,2864.55615234375,52094000
2020-01-03,2901.187625137406,2915.840087890625,2879.208931007577,2915.840087890625,70032900
2020-01-06,2879.208806818182,2908.513731060606,2879.208806818182,2901.1875,42908900
2020-01-07,2879.2084378470017,2908.5133583339943,2871.882207725254,2886.53466796875,51837600
2020-01-08,2871.8824419070515,2893.8611340645034,2857.22998046875,2857.22998046875,52402600
2020-01-09,2871.882575757576,2908.513731060606,2871.882575757576,2901.1875,37580300
2020-01-10,2915.840087890625,2923.166319267235,2893.8613937607965,2915.840087890625,48099000
2020-01-13,2930.492255350496,2952.470947265625,2923.1660247121204,2952.470947265625,61913800
2020-01-14,2915.8400217563294,2930.4924841772154,2886.535096914557,2893.861328125,95058600
2020-01-15,2901.1872357240654,2901.1872357240654,2835.251162184882,2842.577392578125,147583300
2020-01-16,2849.9038003500405,2849.9038003500405,2805.9464152546675,2820.598876953125,118903100
2020-01-17,2827.925099450459,2835.2513302780512,2783.967714484908,2791.2939453125,119904100
2020-01-20,2798.6201761400916,2813.2726377952754,2783.967714484908,2791.2939453125,73599200
2020-01-21,2791.2939616303825,2857.230039464171,2791.2939616303825,2849.90380859375,78014400
2020-01-22,2849.903986955554,2849.903986955554,2820.599061639816,2827.92529296875,45839800
2020-01-23,2827.9249317916397,2842.577392578125,2805.946240611912,2842.577392578125,41077400
2020-01-24,2842.5776441924427,2879.2087994011085,2827.9251821089765,2871.882568359375,58524000
2020-01-27,2871.882553100586,2871.882553100586,2805.9464740753174,2813.272705078125,33081800
2020-01-28,2791.293828023009,2813.2725195822454,2783.9675975032633,2805.9462890625,56210000
2020-01-29,2813.2725961538463,2857.22998046875,2813.2725961538463,2857.22998046875,51929800
2020-01-30,2864.556449613423,2864.556449613423,2820.599061639816,2827.92529296875,60391600
2020-01-31,2849.9038522820724,2849.9038522820724,2769.3153114720394,2783.9677734375,120447900
2020-02-03,2783.9676376587568,2798.6200989095923,2732.684023280832,2740.01025390625,68360600
2020-02-04,2791.293996608004,2791.293996608004,2732.684148910198,2754.662841796875,77259600
2020-02-05,2754.662782866379,2769.3152444773705,2725.3578596443963,2761.989013671875,68150800
2020-02-06,2783.967765645778,2783.967765645778,2747.3366108346495,2754.662841796875,56261500
2020-02-07,2769.3151269273585,2798.620048905426,2754.6626659383246,2776.641357421875,53578900
2020-02-10,2783.967714484908,2820.5988686228675,2769.315252829724,2791.2939453125,86588500
2020-02-11,2791.293818410909,2805.9462793999423,2769.3151269273585,2776.641357421875,50248200
2020-02-12,2783.9674129785667,2820.598563149337,2769.3149529102584,2798.619873046875,73840300
2020-02-13,2798.6204091089976,2805.946640546456,2718.031863296959,2732.684326171875,66699800
2020-02-14,2696.052970467033,2732.684124957074,2666.748046875,2666.748046875,108793300
2020-02-17,2659.421994027008,2681.4006881925206,2630.117068472992,2644.76953125,94887800
2020-02-18,2630.116525217973,2681.4001343447862,2630.116525217973,2652.09521484375,94382900
2020-02-19,2652.09521484375,2666.747674594268,2630.116525217973,2652.09521484375,63717800
2020-02-20,2652.0954004713326,2674.07409163546,2637.442939695248,2659.421630859375,53035400
2020-02-21,2674.07422735116,2718.0316119103572,2666.747996591294,2703.379150390625,86862600
2020-02-24,2688.7267395690246,2725.357894059066,2659.4218159769916,2666.748046875,72610600
2020-02-25,2637.442929578691,2688.7265420982762,2630.11669921875,2630.11669921875,73990700
2020-02-26,2586.1592965411323,2600.8117571447647,2527.5494541266025,2571.5068359375,133449900
2020-02-27,2571.507319293723,2600.812246009321,2505.5712341836274,2542.202392578125,88389400
2020-02-28,2483.592185821096,2556.8544921875,2446.961032637894,2556.8544921875,151751800
2020-03-02,2542.2020810149434,2600.8119272631266,2520.223388671875,2520.223388671875,96802900
2020-03-03,2571.5066862159015,2681.4001343447862,2542.2017667148652,2652.09521484375,114698200
2020-03-04,2666.7479091873365,2813.2725195822454,2659.421678667591,2805.9462890625,136081000
2020-03-05,2798.6200585427546,2842.577441661227,2754.6626754242816,2805.9462890625,101235000
2020-03-06,2732.6842076822913,2776.6415944010414,2718.031745442708,2747.336669921875,86476000
2020-03-09,2608.138046875,2652.0954296875,2564.1806640625,2564.1806640625,109347300
2020-03-10,2549.5282615508595,2652.095490463825,2549.5282615508595,2556.8544921875,119718000
2020-03-11,2542.20207232307,2549.5283030790442,2468.9397647633273,2490.91845703125,115486900
2020-03-12,2417.655947590162,2520.223169609139,2395.6772571575243,2424.982177734375,84363800
2020-03-13,2424.982177734375,2424.982177734375,2424.982177734375,2424.982177734375,0
2020-03-16,2417.656350437599,2417.656350437599,2315.089111328125,2315.089111328125,115972300
2020-03-17,2315.0889435852464,2315.0889435852464,2153.911865234375,2153.911865234375,150122700
2020-03-18,2205.195517543372,2256.479134230427,2007.3872817504448,2058.6708984375,150147300
2020-03-19,2058.671054985687,2058.671054985687,1919.4726562500002,1919.47265625,138987300
2020-03-20,1948.7775031195745,2190.5431332058374,1794.9266476101345,2109.95458984375,267694700
2020-03-23,2109.9544222248137,2109.9544222248137,1963.4298095703125,1963.4298095703125,86157200
2020-03-24,1978.0825083492368,2109.954675572519,1882.8414986879773,1919.47265625,243778900
2020-03-26,1868.1888698091443,2256.4791054949665,1868.1888698091443,2183.216796875,267369500
2020-03-27,2234.500495392142,2395.677580305674,2234.500495392142,2263.805419921875,200952500
2020-03-30,2241.8264377861265,2329.741200052249,2109.954294386943,2300.436279296875,134474300
2020-03-31,2329.74157405805,2417.656350437599,2285.7841858682755,2315.089111328125,151302900
2020-04-01,2329.741689768145,2344.394153225807,2227.174445564516,2271.1318359375,104550600
2020-04-02,2271.131416296426,2293.110107421875,2212.5215732952274,2293.110107421875,92893600
2020-04-03,2307.7626457214355,2359.0462600708006,2285.7839538574217,2344.393798828125,83469200
2020-04-06,2403.0036129879877,2439.634765625,2329.741307713964,2439.634765625,115495000
2020-04-07,2483.5923139678766,2564.180855129076,2344.393924689441,2359.04638671875,166425600
2020-04-08,2359.0463019367967,2359.0463019367967,2234.500379163736,2278.457763671875,124553900
2020-04-09,2278.4577049842246,2329.7413189227764,2219.8478604830225,2285.783935546875,122622400
2020-04-13,2300.436531114878,2366.3726100321837,2293.1103001240663,2329.741455078125,45469500
2020-04-14,2344.3938078703704,2381.024961118345,2315.0888852719904,2373.69873046875,79114600
2020-04-15,2381.0249941908664,2417.656147947649,2263.805302169162,2278.457763671875,69832000
2020-04-16,2278.45767578125,2278.45767578125,2197.869140625,2197.869140625,109582500
2020-04-17,2234.5001730904123,2381.0247746045375,2234.5001730904123,2366.372314453125,127860400
2020-04-20,2395.6773939866284,2395.6773939866284,2285.783935546875,2285.783935546875,77306900
2020-04-21,2285.783985647394,2293.1102163706228,2234.500370584792,2249.15283203125,43239400
2020-04-22,2234.5005663135385,2395.6776563427115,2219.8481035836135,2315.089111328125,126278300
2020-04-23,2344.3938314332245,2373.69875432614,2249.15283203125,2249.15283203125,117391500
2020-04-24,2271.1316510543083,2315.089037848908,2256.479188789442,2263.805419921875,84061400
2020-04-27,2285.7840029761905,2344.393849206349,2271.1315414186506,2307.7626953125,85475400
2020-04-28,2322.4153426930875,2344.394036787975,2300.4366485982,2315.089111328125,80212700
2020-04-29,2344.393889925373,2483.592277139692,2271.1315808652053,2454.287353515625,154902100
2020-04-30,2490.918359375,2593.4855859375,2454.28720703125,2564.1806640625,163170100
2020-05-04,2490.9184393825303,2490.9184393825303,2388.3512095256024,2432.30859375,108988600
2020-05-05,2432.30859375,2483.592208678464,2432.30859375,2432.30859375,74036700
2020-05-06,2417.6561143663193,2446.961036964699,2359.04626916956,2373.69873046875,86395000
2020-05-08,2395.6777236603643,2410.330186802018,2307.7629448104426,2337.06787109375,143584400
2020-05-11,2359.04638671875,2381.0250797627136,2351.7201557040953,2359.04638671875,58473100
2020-05-12,2395.6774646577383,2395.6774646577383,2271.1315414186506,2307.7626953125,138978700
2020-05-13,2307.7628799631625,2322.4153426930875,2256.4792604084255,2315.089111328125,73238700
2020-05-14,2278.4577549241653,2300.4364470938517,2241.826601308021,2249.15283203125,101581300
2020-05-15,2271.1318359375,2293.110531123992,2212.521982106855,2271.1318359375,114753900
2020-05-18,2271.131614542896,2359.04638671875,2271.131614542896,2359.04638671875,108828800
2020-05-19,2381.0250285204033,2439.63487537629,2381.0250285204033,2395.677490234375,97387100
2020-05-20,2344.3939170597487,2388.351303004619,2329.741455078125,2329.741455078125,76086600
2020-05-26,2307.76259765625,2403.00359375,2293.1101367187503,2381.02490234375,105792900
2020-05-27,2381.024882319598,2395.6773431338725,2307.7625782482255,2322.4150390625,128693900
2020-05-28,2329.741259297624,2351.719950423073,2293.110107421875,2293.110107421875,177385100
2020-05-29,2271.1315414186506,2307.7626953125,2256.479079861111,2307.7626953125,276092100
2020-06-02,2315.088828125,2395.67736328125,2285.78390625,2381.02490234375,174790600
2020-06-03,2403.003846884498,2432.3087718465044,2366.3726906819907,2410.330078125,216200900
2020-06-04,2432.3087121212125,2483.5923295454545,2381.02509469697,2417.65625,167708600
2020-06-05,2461.6133054373063,2461.6133054373063,2344.393624226006,2366.372314453125,188420700
2020-06-08,2381.0247746045375,2410.3296949073624,2359.0460843774185,2366.372314453125,221641600
2020-06-09,2381.024811374154,2395.677271751841,2300.436279296875,2300.436279296875,171214500
2020-06-10,2307.762686677301,2337.0676096827274,2271.1315329205186,2278.457763671875,263483700
2020-06-11,2285.784173346185,2307.7628673206673,2241.8267853972197,2256.479248046875,175767800
2020-06-12,2256.4788056930693,2256.4788056930693,2175.890276918317,2219.84765625,260087300
2020-06-15,2241.8267265245754,2307.7628067164746,2219.848033127276,2263.805419921875,241625700
2020-06-16,2307.7626457214355,2359.0462600708006,2293.1101844787595,2344.393798828125,194424800
2020-06-17,2351.720458984375,2366.3729229032806,2300.4368352682045,2351.720458984375,177784900
2020-06-18,2351.7202862995427,2454.2875262004573,2329.741592035061,2403.00390625,235586600
2020-06-19,2417.656369092988,2446.9612947789637,2381.0252119855186,2403.00390625,227358800
2020-06-22,2410.329874420166,2417.656105041504,2329.741337585449,2344.393798828125,159776500
2020-06-23,2344.393720047923,2344.393720047923,2285.783877046725,2293.110107421875,167271000
2020-06-24,2307.76276210569,2366.3726100321837,2300.436531114878,2329.741455078125,170895600
2020-06-25,2315.089111328125,2359.0464995178995,2300.4366485982,2315.089111328125,100882600
2020-06-26,2337.06787109375,2359.0465658062303,2329.741639522923,2337.06787109375,100784500
2020-06-29,2344.3939170597487,2381.025072013807,2315.088993096502,2329.741455078125,156613200
2020-06-30,2379.068982133709,2386.768234503074,2348.27197265625,2348.27197265625,258068400
2020-07-01,2363.6705113461144,2386.7682687859788,2317.4749964663856,2340.57275390625,148037400
2020-07-02,2340.572663714172,2417.565185546875,2340.572663714172,2417.565185546875,178357900
2020-07-03,2425.2645052396338,2448.362262432392,2394.467495649289,2402.166748046875,102033100
2020-07-06,2409.865991611168,2425.2644963498974,2340.572720286885,2348.27197265625,248572600
2020-07-07,2355.9712336613584,2402.166748046875,2348.271981263772,2402.166748046875,169104200
2020-07-08,2409.866142733135,2432.963901289683,2394.46763702877,2425.2646484375,158166300
2020-07-09,2440.663044331541,2456.061549343097,2394.467529296875,2394.467529296875,125940800
2020-07-10,2394.467529296875,2409.8660343084302,2386.7682767910974,2394.467529296875,95422400
2020-07-13,2402.1668499696602,2409.866102693922,2371.369839072613,2379.069091796875,77733900
2020-07-14,2386.7683787160104,2394.467631550578,2363.6706202123073,2371.369873046875,111442600
2020-07-15,2402.1668499696602,2409.866102693922,2371.369839072613,2379.069091796875,102304100
2020-07-16,2379.069301285282,2394.4678080897174,2371.370047883064,2386.7685546875,91951000
2020-07-17,2386.7679531122344,2394.4672045738866,2355.970947265625,2355.970947265625,112416300
2020-07-20,2371.3694501889295,2371.3694501889295,2340.57244434232,2355.970947265625,64735500
2020-07-21,2348.2716958039723,2394.4672045738866,2348.2716958039723,2355.970947265625,101283800
2020-07-22,2363.670654296875,2379.06916018806,2355.9714013512826,2363.670654296875,69462100
2020-07-23,2363.670654296875,2379.06916018806,2355.9714013512826,2363.670654296875,70482100
2020-07-24,2371.3700816173427,2371.3700816173427,2325.174560546875,2325.174560546875,137265100
2020-07-27,2325.1742489463404,2348.272006386205,2325.1742489463404,2340.57275390625,58708800
2020-07-28,2348.2723210821086,2348.2723210821086,2317.4753070351303,2325.174560546875,102705300
2020-07-29,2332.8733911132813,2348.271895345052,2309.775634765625,2309.775634765625,114352000
2020-07-30,2340.572720286885,2348.27197265625,2309.775710809426,2348.27197265625,95785000
2020-08-03,2355.9711713398974,2355.9711713398974,2194.2868752675513,2248.181640625,255659800
2020-08-04,2286.6780463784426,2286.6780463784426,2248.181782971398,2271.279541015625,96018000
2020-08-05,2278.9790394764073,2340.5730675703644,2248.182025429429,2325.174560546875,120719100
2020-08-06,2348.2723210821086,2348.2723210821086,2309.7760535233856,2325.174560546875,71699000
2020-08-07,2325.1742066248953,2332.873458964713,2286.6779449258074,2294.377197265625,78347200
2020-08-10,2309.775982481061,2325.1744890309346,2286.67822265625,2286.67822265625,65485400
2020-08-11,2294.377368080738,2309.775873906783,2255.881103515625,2255.881103515625,175693000
2020-08-12,2255.881035652807,2278.978793697034,2248.181782971398,2271.279541015625,110934800
2020-08-13,2271.279580759448,2325.174350472384,2271.279580759448,2317.47509765625,160906600
2020-08-14,2325.174039230095,2340.572542801155,2309.7755356590346,2332.873291015625,93007500
2020-08-18,2332.8734679175204,2355.971225025615,2309.775710809426,2348.27197265625,139358500
2020-08-19,2348.271895345052,2348.271895345052,2309.775634765625,2309.775634765625,103980600
2020-08-24,2317.4748868815104,2325.174138997396,2302.0763826497396,2309.775634765625,76713900
2020-08-25,2317.4749542850777,2317.4749542850777,2294.377197265625,2294.377197265625,100013600
2020-08-26,2294.3775464998967,2348.2723210821086,2294.3775464998967,2325.174560546875,122465300
2020-08-27,2325.1744192882525,2340.5729253762543,2286.6781540682487,2302.07666015625,102787800
2020-08-28,2302.0765174659523,2302.0765174659523,2263.580254632074,2278.978759765625,160569500
2020-08-31,2278.9783517263986,2294.3768541029285,2201.98583984375,2201.98583984375,204261100
2020-09-01,2232.783447265625,2240.482700532058,2201.9864341998923,2232.783447265625,90565400
2020-09-02,2232.78327760858,2286.6780463784426,2232.78327760858,2271.279541015625,107589800
2020-09-03,2271.2797135977908,2278.978966864224,2217.3849407327584,2232.783447265625,123106100
2020-09-04,2194.2865886554855,2225.083593408545,2186.5873374672206,2201.98583984375,143569100
2020-09-07,2209.6856874663254,2240.482700532058,2209.6856874663254,2232.783447265625,62206600
2020-09-08,2225.083593408545,2232.78284459681,2201.98583984375,2201.98583984375,80068200
2020-09-09,2194.2870352608816,2201.986288016183,2155.790771484375,2155.790771484375,108397400
2020-09-10,2155.790870949074,2155.790870949074,2017.2043149594906,2078.79833984375,287496300
2020-09-11,2055.7004533543704,2186.587748137233,2040.3019480857986,2163.489990234375,197756800
2020-09-14,2178.88846912846,2225.083984375,2171.1892165873705,2225.083984375,127562700
2020-09-15,2225.083942103302,2232.783194498123,2163.489922944733,2178.888427734375,106215900
2020-09-16,2163.489812598006,2178.8883166022624,2132.692804589494,2148.09130859375,68113400
2020-09-17,2163.4901997451243,2194.2872132646276,2140.3924396054963,2171.189453125,97257400
2020-09-18,2194.2869742106404,2225.083984375,2186.5877216695503,2225.083984375,162116700
2020-09-21,2225.0840113086633,2240.4825165772354,2155.790737600089,2163.489990234375,100305100
2020-09-22,2148.091586984319,2163.4900929842065,2117.2945749845435,2140.392333984375,75891600
2020-09-23,2132.6930132184707,2163.490024239676,2109.595254952567,2155.790771484375,85953300
2020-09-24,2117.2945015596383,2124.9937542925827,2086.4974906278617,2101.89599609375,74516800
2020-09-25,2094.1963870817845,2109.594889927974,2055.70012996631,2071.0986328125,180968900
2020-09-28,2086.497235520442,2101.8957391036183,2048.0009765625,2048.0009765625,89256700
2020-09-29,2071.0990830338046,2071.0990830338046,2024.903564453125,2024.903564453125,155853900
2020-09-30,2024.9035606384275,2040.3020668029783,1955.6102828979492,1971.0087890625,235611600
2020-10-01,2001.8056463068183,2124.9936860795456,2001.8056463068183,2117.29443359375,225006000
2020-10-02,2117.2944253949977,2117.2944253949977,2040.3019008351796,2063.399658203125,140161900
2020-10-05,2071.0991372162443,2086.4976438126478,2032.602870725236,2040.3021240234375,124720200
2020-10-06,2063.3998839180426,2078.798390514446,2017.2043641288326,2040.3021240234375,148977400
2020-10-07,2040.3017247709117,2055.7002283540883,2017.2039693961467,2048.0009765625,110186000
2020-10-08,2055.7005805121526,2094.1968460648145,2040.3020742910878,2078.79833984375,154587800
2020-10-09,2086.4974906278617,2117.2945015596383,2078.7982378949177,2101.89599609375,109122300
2020-10-12,2117.2945015596383,2124.9937542925827,2086.4974906278617,2101.89599609375,77479100
2020-10-13,2101.89599609375,2109.5952488266944,2063.3997324290294,2101.89599609375,97205500
2020-10-14,2101.8959691600867,2178.888495502947,2086.4974638915146,2163.489990234375,183236500
2020-10-15,2155.7908399842627,2194.287104983982,2124.9938279844873,2140.392333984375,138462900
2020-10-16,2140.3921910511363,2140.3921910511363,2094.1966761363637,2117.29443359375,135175000
2020-10-19,2155.790835447417,2163.490088431158,2086.49755859375,2086.49755859375,187840500
2020-10-20,2086.497449782011,2109.595207528675,2055.700439453125,2055.700439453125,168211100
2020-10-21,2063.399658203125,2086.4974155710706,2055.700405747143,2063.399658203125,142146300
2020-10-22,2055.7005805121526,2094.1968460648145,2040.3020742910878,2078.79833984375,257179400
2020-10-23,2086.4975892273646,2094.1968423241447,2024.903564453125,2024.903564453125,166356000
2020-10-26,2024.9036174270343,2063.3998839180426,2024.9036174270343,2040.3021240234375,97523200
2020-10-27,2032.6028521588742,2071.0991182982466,2017.204345703125,2017.204345703125,146366600
2020-11-02,1994.106548309326,2017.2043075561521,1963.3095359802246,1971.0087890625,391510600
2020-11-03,1978.7078521491947,1994.1063568351806,1955.6100951202156,1986.4071044921875,188874000
2020-11-04,2001.8056091781734,2032.6026185501453,1986.4071044921875,1986.4071044921875,150678200
2020-11-05,2024.9035715041177,2163.490127728734,2017.2043183805279,2132.693115234375,369260400
2020-11-06,2155.7906705499117,2186.587680129196,2117.2944085758063,2178.888427734375,243865800
2020-11-09,2201.9862603081597,2232.7832709418403,2186.5877549913193,2217.384765625,208192700
2020-11-10,2271.279100538134,2271.279100538134,2201.98583984375,2201.98583984375,195337300
2020-11-11,2232.783322024655,2386.7683787160104,2217.3848163555194,2371.369873046875,480530200
2020-11-12,2371.369763826069,2371.369763826069,2317.4749964663856,2340.57275390625,169609900
2020-11-13,2317.475166244252,2317.475166244252,2271.279647980247,2302.07666015625,186708800
2020-11-16,2340.5728954600977,2386.7684131336523,2325.174389568913,2363.670654296875,206145500
2020-11-17,2386.768389399748,2517.655688173282,2386.768389399748,2479.159423828125,527501800
2020-11-18,2463.7608097484276,2502.257072400747,2432.9637996265724,2448.3623046875,239122600
2020-11-19,2425.2645806634464,2479.159349122634,2417.5653280264196,2440.6630859375,185558800
2020-11-20,2456.0616652210306,2517.655688173282,2448.3624123519994,2479.159423828125,211892500
2020-11-23,2486.858582278332,2571.5503606221764,2479.159329701619,2556.15185546875,260752200
2020-11-24,2579.249755859375,2602.347514867071,2563.8512498542445,2579.249755859375,207503900
2020-11-25,2594.648257371856,2610.0467633503235,2525.35498046875,2525.35498046875,253156200
2020-11-26,2525.3550578620316,2679.3401223658143,2525.3550578620316,2671.640869140625,374185400
2020-11-27,2679.339911488439,2694.7384167268788,2633.1443957731212,2663.94140625,163651600
2020-11-30,2663.941194611068,2671.6404466186145,2479.1591464299536,2486.8583984375,624142600
2020-12-01,2486.858608669705,2556.1518825954863,2432.963840060764,2494.557861328125,277929200
2020-12-02,2517.655559367962,2563.85107421875,2494.5578019425675,2563.85107421875,187276600
2020-12-03,2563.8511763139204,2586.948934659091,2525.354912405303,2540.75341796875,121434200
2020-12-04,2517.655585186298,2525.3548377403845,2471.4600698617787,2502.257080078125,170418900
2020-12-07,2525.354811843093,2563.85107421875,2509.9563068928305,2563.85107421875,175436900
2020-12-08,2579.2496818773675,2579.2496818773675,2533.0541651870262,2540.75341796875,113775100
2020-12-10,2517.655551278518,2533.054056179304,2502.257046377732,2509.956298828125,229380200
2020-12-11,2517.655727479516,2563.85124541492,2502.2572215010478,2525.35498046875,154365400
2020-12-14,2540.753350315324,2571.5503606221764,2502.2570874317585,2556.15185546875,281474900
2020-12-15,2556.15166723279,2687.038951398324,2533.0539112035776,2656.241943359375,410175700
2020-12-16,2694.7386342732857,2802.5281796442173,2694.7386342732857,2779.430419921875,455088400
2020-12-17,2779.430168194959,2787.129420738436,2710.136895303672,2725.535400390625,249797800
2020-12-18,2694.738247863248,2725.5352564102564,2694.738247863248,2702.4375,187856600
2020-12-21,2717.83621562611,2779.430237509988,2702.4377101551404,2710.136962890625,267970200
2020-12-22,2694.738515218099,2725.5355268205917,2571.5504688081287,2586.948974609375,311860000
2020-12-23,2579.249613198889,2633.144381235881,2494.5578348550453,2556.15185546875,240067600
2020-12-28,2594.647992637345,2663.94126247039,2525.3547228043003,2640.843505859375,178138100
2020-12-29,2694.7385553728072,2717.8363144188597,2617.746025219298,2633.14453125,184525500
2020-12-30,2633.144163932685,2633.144163932685,2548.452392578125,2548.452392578125,150844500
2021-01-04,2556.151772922636,2694.73831482808,2548.452520594556,2687.0390625,165339800
2021-01-05,2679.3401223658143,2679.3401223658143,2633.1446030146794,2671.640869140625,157800700
2021-01-06,2671.640469967081,2687.038974116747,2563.8509409194176,2594.64794921875,177877900
2021-01-07,2610.046875,2656.2423949115046,2602.347621681416,2610.046875,140221900
2021-01-08,2656.2420295266543,2787.1293179381128,2648.542777267157,2748.633056640625,492643700
2021-01-11,2764.031460910373,2802.5277208116318,2748.63295694987,2771.730712890625,271231200
2021-01-12,2771.7307692307695,2787.1292735042734,2694.738247863248,2702.4375,189779500
2021-01-13,2733.2348597734826,2733.2348597734826,2663.9415816383803,2679.340087890625,162329300
2021-01-14,2679.339776785714,2764.0315513392857,2671.640524553571,2694.73828125,187448400
2021-01-15,2702.4378472689928,2725.53560664736,2656.2423285122577,2679.340087890625,133304300
2021-01-18,2679.3396993885867,2710.1367074275363,2640.8434393399,2656.241943359375,138913100
2021-01-19,2671.6408311950145,2687.039337426686,2594.648300036657,2625.4453125,144100700
2021-01-20,2633.1446030146794,2679.3401223658143,2602.3475901139227,2671.640869140625,116098100
2021-01-21,2694.73859414287,2710.1371003951153,2663.9415816383803,2679.340087890625,81801900
2021-01-22,2633.1446349557523,2648.54314159292,2586.9491150442477,2610.046875,165024200
2021-01-25,2594.64794921875,2625.4449575180824,2548.4524367697513,2594.64794921875,118131800
2021-01-26,2586.9488233320553,2610.0465806832344,2509.956298828125,2509.956298828125,111414500
2021-01-27,2571.5504013151813,2602.347412109375,2509.956379726794,2602.347412109375,159144700
2021-01-28,2525.3548719618057,2563.8511352539062,2486.858608669705,2494.557861328125,142648800
2021-01-29,2533.054074400874,2533.054074400874,2394.467529296875,2394.467529296875,191915100
2021-02-01,2409.865878362036,2502.256902452593,2340.5726102941176,2486.8583984375,133929600
2021-02-02,2540.7535210005735,2563.851280282397,2502.257255530868,2517.65576171875,114734600
2021-02-03,2502.2571139865454,2563.8511352539062,2479.1593560112847,2494.557861328125,86433900
2021-02-04,2517.6556934484233,2563.8512107594033,2509.9564405632595,2533.05419921875,80319500
2021-02-05,2556.15195787424,2556.15195787424,2517.6556934484233,2533.05419921875,52630500
2021-02-08,2540.7534864472177,2594.648257371856,2517.655727479516,2525.35498046875,96635600
2021-02-09,2502.2570037841797,2540.7532653808594,2448.362237548828,2463.7607421875,157479200
2021-02-10,2448.362514388225,2479.159527147825,2432.9640080084246,2456.061767578125,125221400
2021-02-11,2479.159527147825,2486.8587803377254,2440.663261198325,2456.061767578125,79940700
2021-02-15,2463.760918090062,2509.956435304251,2463.760918090062,2479.159423828125,88883300
2021-02-16,2463.7611954828662,2502.257464162286,2456.061941746982,2471.46044921875,82026300
2021-02-17,2479.1594184027776,2502.2571769593255,2417.5653955853177,2425.2646484375,121105300
2021-02-18,2456.0615572179636,2517.6555774616745,2448.3623046875,2448.3623046875,151200300
2021-02-19,2448.3626880110983,2479.1597029546338,2440.663434275214,2471.46044921875,63214600
2021-02-22,2471.460096485607,2494.557854396688,2440.6630859375,2440.6630859375,100425500
2021-02-23,2463.7610320605186,2679.3401223658143,2463.7610320605186,2671.640869140625,354966200
2021-02-24,2687.0393410167476,2733.2348597734826,2663.9415816383803,2679.340087890625,303017100
2021-02-25,2702.4375671561606,2748.633081124642,2656.242053187679,2687.0390625,226833000
2021-02-26,2656.242053187679,2702.4375671561606,2625.4450438753584,2687.0390625,230007700
2021-03-01,2687.0390625,2702.4375671561606,2671.64055784384,2687.0390625,91513500
2021-03-02,2687.039164107659,2694.7384167268788,2648.542901011561,2663.94140625,169061400
2021-03-03,2679.3399800145353,2679.3399800145353,2633.144463117733,2648.54296875,82610700
2021-03-04,2633.144492013114,2640.8437449137373,2579.249721708752,2586.948974609375,142322100
2021-03-05,2571.5503606221764,2594.6481183523156,2556.15185546875,2556.15185546875,128546000
2021-03-08,2586.948797717066,2617.745807213698,2563.851040594592,2571.55029296875,80094900
2021-03-09,2594.6482223000567,2610.046728070384,2525.3549463335867,2533.05419921875,110090800
2021-03-10,2571.550334616268,2633.144354607077,2548.452577119715,2617.745849609375,91631900
2021-03-12,2648.5426913496376,2679.3396993885867,2640.8434393399,2656.241943359375,100195200
2021-03-15,2648.5429283006656,2656.2421809992143,2602.347412109375,2602.347412109375,50077300
2021-03-16,2617.7459862118676,2625.445239112491,2586.948974609375,2586.948974609375,60111200
2021-03-17,2625.445381637168,2640.843888274336,2594.6483683628317,2610.046875,61701400
2021-03-18,2656.241943359375,2679.3396993885867,2640.8434393399,2656.241943359375,101896400
2021-03-19,2625.445210301599,2648.54296875,2602.347451853198,2648.54296875,140000000
2021-03-22,2648.5429283006656,2648.5429283006656,2602.347412109375,2602.347412109375,53870300
2021-03-23,2610.0467333112447,2633.144492013114,2579.249721708752,2586.948974609375,55323200
2021-03-24,2556.1516888445844,2610.046453368416,2556.1516888445844,2594.64794921875,67173200
2021-03-25,2617.7460593841643,2640.8438187316715,2602.3475531524928,2625.4453125,107607200
2021-03-26,2625.4450438753584,2694.73831482808,2610.0465392191977,2687.0390625,106810400
2021-03-29,2671.6408311950145,2687.039337426686,2617.7460593841643,2625.4453125,72214100
2021-03-30,2633.1444229035687,2640.8436756021174,2586.948906712278,2602.347412109375,66491800
2021-03-31,2602.347519188597,2633.14453125,2563.851254111842,2633.14453125,134671900
2021-04-01,2610.046875,2648.54314159292,2602.347621681416,2610.046875,73332000
2021-04-05,2640.8436756021174,2640.8436756021174,2594.6481594108263,2602.347412109375,36029200
2021-04-06,2617.7457054432493,2625.4449575180824,2594.64794921875,2594.64794921875,40566400
2021-04-07,2625.445102108226,2640.843607105928,2602.3473446116727,2617.745849609375,84754300
2021-04-08,2602.347621681416,2617.746128318584,2602.347621681416,2610.046875,59079700
2021-04-09,2610.0467333112447,2610.0467333112447,2586.948974609375,2586.948974609375,56861400
2021-04-12,2571.550148402096,2610.0464081087143,2540.753140636801,2548.452392578125,79003200
2021-04-13,2571.5503266938813,2571.5503266938813,2540.753316793356,2563.85107421875,51300200
2021-04-14,2586.948797717066,2586.948797717066,2556.1517882204344,2571.55029296875,52587500
2021-04-15,2571.5504688081287,2586.948974609375,2556.1519630068824,2586.948974609375,65669100
2021-04-16,2594.6482275099984,2594.6482275099984,2556.1519630068824,2586.948974609375,52517800
2021-04-19,2563.851040594592,2586.948797717066,2563.851040594592,2571.55029296875,44899700
2021-04-20,2563.851108045463,2579.249613198889,2540.753350315324,2556.15185546875,55700100
2021-04-21,2533.0542334579836,2563.85124541492,2525.35498046875,2525.35498046875,47167800
2021-04-22,2533.0540643182244,2571.5503266938813,2533.0540643182244,2563.85107421875,54970000
2021-04-23,2563.850896460772,2563.850896460772,2533.053888695478,2548.452392578125,39798400
2021-04-26,2525.3548377403845,2540.7533428485576,2502.257080078125,2502.257080078125,55076200
2021-04-27,2494.5581394630144,2502.2573929798755,2417.565604294403,2432.964111328125,166985400
2021-04-28,2432.9636899134152,2440.6629420966856,2409.8659333636047,2417.565185546875,91596300
2021-04-29,2425.2644805908203,2471.4599945068358,2417.5652282714846,2463.7607421875,111785100
2021-04-30,2479.159246826172,2509.9562561035154,2463.7607421875,2463.7607421875,143840800
2021-05-03,2463.7608438485804,2471.460096485607,2409.866075389393,2440.6630859375,124724400
2021-05-04,2448.3626880110983,2471.46044921875,2440.663434275214,2471.46044921875,60180600
2021-05-05,2471.4599945068358,2471.4599945068358,2448.362237548828,2463.7607421875,76480300
2021-05-06,2463.761020768025,2463.761020768025,2425.2647548185246,2456.061767578125,91955600
2021-05-07,2463.761020768025,2479.159527147825,2448.362514388225,2456.061767578125,98099900
2021-05-10,2456.0615912115536,2463.7608438485804,2432.963833300473,2440.6630859375,104121900
2021-05-11,2440.663052157036,2463.7608097484276,2425.2645470961083,2448.3623046875,94281900
2021-05-17,2456.061767578125,2456.061767578125,2425.2647548185246,2456.061767578125,114071400
2021-05-18,2456.0615572179636,2456.0615572179636,2425.2645470961083,2448.3623046875,77310400
2021-05-19,2425.264857811264,2479.159632429292,2425.264857811264,2432.964111328125,48958100
2021-05-20,2456.0613692822412,2556.151644519449,2448.362117340918,2548.452392578125,197430900
2021-05-21,2571.550533376338,2579.249786470279,2517.65576171875,2517.65576171875,104101400
2021-05-24,2533.054056179304,2563.8510659808762,2479.159289026553,2509.956298828125,64347100
2021-05-25,2533.0541651870262,2556.151923532197,2517.6556596235796,2540.75341796875,62218300
2021-05-27,2579.2496540137295,2617.745917506472,2563.8511486166326,2602.347412109375,233551300
2021-05-28,2602.3475457521026,2617.7460519399847,2509.956508624809,2517.65576171875,87439800
2021-05-31,2540.753429324128,2663.9414743822676,2540.753429324128,2648.54296875,155768200
2021-06-02,2687.038951398324,2694.7382034080615,2633.144187330163,2656.241943359375,108933400
2021-06-03,2633.1442962034384,2687.0390625,2633.1442962034384,2687.0390625,77627900
2021-06-04,2687.039029017857,2702.437533482143,2656.2420200892857,2694.73828125,70624200
2021-06-07,2725.5356101452467,2748.633369553257,2694.7385976012324,2733.23486328125,124440300
2021-06-08,2733.2345424107143,2733.2345424107143,2671.640524553571,2694.73828125,132409400
2021-06-09,2701.2166773253134,2749.741527816187,2676.9542520798764,2741.654052734375,112204200
2021-06-10,2709.3039922604617,2830.6161113169,2701.216517656699,2814.441162109375,137713700
2021-06-11,2822.5287093896345,2830.616184201639,2765.916385705602,2806.353759765625,82336600
2021-06-14,2798.2662306978555,2806.3537053530517,2749.7413827666787,2757.828857421875,46016500
2021-06-15,2757.8288843908977,2782.09130859375,2733.566460188045,2782.09130859375,60528600
2021-06-16,2733.5664334562866,2774.003806732267,2733.5664334562866,2757.828857421875,39149800
2021-06-17,2725.478904063666,2765.9162765275187,2709.303955078125,2709.303955078125,50286100
2021-06-18,2709.303955078125,2749.7413275419776,2660.779108121502,2709.303955078125,168414300
2021-06-21,2652.691749526515,2701.2165986032196,2636.5167998342804,2668.86669921875,74248200
2021-06-22,2668.86669921875,2725.479023141572,2660.7792243726326,2668.86669921875,89349200
2021-06-23,2676.9539153781066,2765.916130088557,2676.9539153781066,2725.478759765625,81901000
2021-06-24,2693.128994891827,2717.391418269231,2620.3417247596158,2628.42919921875,101334200
2021-06-25,2628.42919921875,2668.8665715144234,2620.3417247596158,2628.42919921875,58330700
2021-06-28,2628.429039795692,2636.516513764294,2563.729248046875,2563.729248046875,66338900
2021-06-29,2579.9045147473303,2636.51683952235,2547.5546148758904,2555.64208984375,123411200
2021-06-30,2547.554443359375,2571.8168666294646,2531.3794945126488,2547.554443359375,142204500
2021-07-01,2555.64196267082,2563.729437236234,2499.0296407129217,2515.20458984375,143665900
2021-07-02,2515.2046351727913,2531.3795845951245,2474.7672616169584,2482.854736328125,161855700
2021-07-05,2482.8547090229235,2499.0296582673723,2434.3298612895765,2458.59228515625,133815000
2021-07-06,2466.679732110413,2482.8546811734323,2426.2423594528655,2434.329833984375,151573500
2021-07-07,2450.50439453125,2482.8542875283624,2434.329448032694,2450.50439453125,110215500
2021-07-08,2474.7672066419227,2474.7672066419227,2426.2423594528655,2434.329833984375,132576600
2021-07-09,2458.5923902294307,2563.72956481161,2450.5049152615707,2555.64208984375,222916400
2021-07-12,2579.9042391548523,2579.9042391548523,2515.2044463233824,2531.37939453125,86268000
2021-07-13,2555.6420087286238,2555.6420087286238,2466.679786905792,2482.854736328125,82856600
2021-07-14,2466.6793723511537,2482.854319055096,2442.4169522952407,2474.766845703125,84993400
2021-07-15,2515.2044463233824,2539.466868635184,2490.9420240115815,2531.37939453125,88092800
2021-07-16,2539.4668261410684,2563.729248046875,2515.2044042352622,2563.729248046875,63626300
2021-07-19,2555.641901809977,2612.2542224196914,2547.5544274371605,2604.166748046875,116219500
2021-07-21,2579.9046391282127,2620.3420159170564,2571.817163770444,2596.07958984375,115099400
2021-07-22,2596.079230372891,2636.5166015625,2596.079230372891,2636.5166015625,48865700
2021-07-23,2628.429039795692,2628.429039795692,2547.5543001096707,2563.729248046875,67128400
2021-07-26,2539.4671657645963,2587.9920160658307,2539.4671657645963,2579.904541015625,55525800
2021-07-27,2596.079399458859,2644.604248046875,2555.6420256355123,2644.604248046875,62673400
2021-07-28,2628.4293913168594,2628.4293913168594,2547.554640814802,2579.904541015625,103282300
2021-07-29,2596.078959462074,2660.778746613777,2587.9914860681115,2612.25390625,126542400
2021-07-30,2587.9918981481483,2660.779170283565,2587.9918981481483,2620.341796875,95143100
2021-08-02,2620.3415401954303,2676.953857421875,2596.0791185269545,2676.953857421875,60368200
2021-08-03,2676.9539578641143,2717.3913288288286,2660.779009478228,2693.12890625,89712500
2021-08-04,2693.128863507279,2725.478759765625,2676.9539153781066,2725.478759765625,63108600
2021-08-05,2717.391256549401,2749.7411524607037,2685.041360638099,2701.21630859375,89742800
2021-08-06,2717.391401543675,2733.566350362387,2676.954029496894,2685.04150390625,31664200
2021-08-09,2636.5166736778847,2668.8665715144234,2604.1667758413464,2628.42919921875,70299500
2021-08-10,2620.3413796439627,2644.6037998258516,2579.904012674149,2612.25390625,57658000
2021-08-12,2636.5166846431903,2709.303955078125,2620.341735657649,2709.303955078125,93133400
2021-08-13,2725.479023141572,2733.566497987689,2636.5167998342804,2668.86669921875,59903600
2021-08-16,2668.866412682448,2701.21630859375,2660.778938704622,2701.21630859375,38661800
2021-08-18,2717.39141310307,2782.0912086531434,2709.303938659311,2765.916259765625,162921300
2021-08-19,2757.8290028979995,2774.003953061624,2717.391627488938,2741.654052734375,100851800
2021-08-20,2741.6537367876836,2774.0036333869484,2725.4787884880516,2749.7412109375,113411000
2021-08-23,2765.9163591251818,2782.09130859375,2749.7414096566135,2782.09130859375,64122400
2021-08-24,2757.828685087316,2765.9161592371324,2676.9539435891543,2749.7412109375,69338100
2021-08-25,2741.6537078947977,2741.6537078947977,2693.128863507279,2725.478759765625,66618200
2021-08-26,2693.129176548549,2717.3916015625,2685.041701543899,2717.3916015625,55756100
2021-08-27,2725.4788759530306,2725.4788759530306,2676.954029496894,2685.04150390625,62419000
2021-08-30,2693.1288918887867,2749.7412109375,2693.1288918887867,2749.7412109375,64177700
2021-08-31,2749.7412109375,2765.9161592371324,2717.391314338235,2749.7412109375,130019000
2021-09-01,2765.9161004163548,2765.9161004163548,2693.1288346159245,2701.21630859375,85135200
2021-09-02,2709.303811636452,2741.6537078947977,2709.303811636452,2725.478759765625,51633800
2021-09-03,2749.741527816187,2765.916477979812,2725.4791025707505,2741.654052734375,65479800
2021-09-06,2757.8290028979995,2757.8290028979995,2733.5665776525625,2741.654052734375,52640400
2021-09-07,2757.8288299741125,2757.8288299741125,2717.3914571005917,2733.56640625,42617400
2021-09-08,2749.7412256006005,2749.7412256006005,2676.9539578641143,2693.12890625,80636800
2021-09-09,2717.391627488938,2741.654052734375,2693.129202243501,2741.654052734375,82214400
2021-09-10,2733.566277214715,2741.6537514076576,2685.041432057057,2693.12890625,52115300
2021-09-13,2676.954057107043,2709.303955078125,2668.8665826142724,2709.303955078125,45547200
2021-09-14,2733.566460188045,2790.178783328034,2709.3040359851925,2782.09130859375,166002100
2021-09-15,2774.00351916327,2790.178466796875,2757.8285715296647,2790.178466796875,73158300
2021-09-16,2806.3537327966023,2806.3537327966023,2749.7414096566135,2782.09130859375,58318700
2021-09-17,2749.741487584101,2854.878662109375,2741.6540126206182,2854.878662109375,117573100
2021-09-20,2830.6160666725855,2846.791015625,2798.266168767756,2846.791015625,83985100
2021-09-21,2830.6162372189274,2879.141086999823,2814.441287291962,2854.878662109375,95848100
2021-09-22,2854.8782336731806,2903.403076171875,2846.790759923398,2903.403076171875,66835200
2021-09-23,2911.4910134304773,2919.578488467784,2871.053638243943,2879.14111328125,104737500
2021-09-24,2879.14111328125,2895.3160633558637,2862.966163206636,2879.14111328125,72224500
2021-09-27,2854.8784901012077,2879.14091352983,2814.4411177201705,2846.791015625,87303000
2021-09-28,2838.70371218241,2862.9661370728577,2822.5287622554447,2854.878662109375,54671700
2021-09-29,2822.5287622554447,2862.9661370728577,2822.5287622554447,2854.878662109375,53170100
2021-09-30,2871.0534337154895,2984.278076171875,2862.965959254319,2984.278076171875,153853900
2021-10-01,2976.190573770492,2984.278048155738,2919.5782530737706,2960.015625,109898400
2021-10-04,2927.6658972134705,2968.103271484375,2911.490947505109,2968.103271484375,82205100
2021-10-05,2968.103271484375,2976.190746338556,2927.6658972134705,2968.103271484375,140488300
2021-10-06,2984.278059939121,3048.9778552765542,2951.928162270404,3040.890380859375,153535700
2021-10-07,3008.54052734375,3024.7154764154907,2984.278103736139,3008.54052734375,56837600
2021-10-08,3016.6279142680924,3073.240234375,3008.540439967105,3073.240234375,91361800
2021-10-11,3073.240406106463,3113.677779871022,3048.9779818477277,3081.327880859375,78865000
2021-10-12,3057.0654296875,3105.590277777778,3048.977955005787,3057.0654296875,69866300
2021-10-13,3032.802834751119,3089.41515433314,3032.802834751119,3048.977783203125,87143900
2021-10-14,3048.977839298099,3097.502685546875,3048.977839298099,3097.502685546875,95817900
2021-10-15,3105.5903051181103,3105.5903051181103,3032.8030323419043,3081.327880859375,69707700
2021-10-18,3105.5899571240107,3105.5899571240107,3065.152587890625,3065.152587890625,78580700
2021-10-19,3032.802806181066,3073.240176930147,3008.5403837316176,3024.71533203125,61095700
2021-10-21,3057.065411931818,3137.9401582792207,3040.8904626623375,3113.677734375,169659500
2021-10-22,3121.765064801357,3137.9400133236436,3089.4151677567834,3129.8525390625,59640700
2021-10-25,3073.2403790509256,3105.590277777778,3057.0654296875,3057.0654296875,58246300
2021-10-26,3073.240234375,3097.5026572779607,3057.0652857730265,3073.240234375,58615100
2021-10-27,3089.4150094306565,3097.502483277334,3048.977640197271,3065.152587890625,52210100
2021-10-28,3089.4155494791667,3089.4155494791667,3000.4533216145833,3032.80322265625,61151100
2021-10-29,3032.802862870066,3081.3277086759867,3016.6279142680924,3073.240234375,70430900
2021-11-01,3081.327695444468,3089.4151697107263,2992.365478515625,2992.365478515625,65447100
2021-11-02,2992.365522540984,3000.4529969262294,2943.8406762295085,2960.015625,170260000
2021-11-03,2927.665781985047,3024.7154764154907,2927.665781985047,3008.54052734375,48810500
2021-11-04,3032.802834751119,3057.065257429128,3008.54041207311,3048.977783203125,53494200
2021-11-05,3040.890308977122,3048.977783203125,3000.452937847107,3048.977783203125,43133000
2021-11-08,3057.0656484375,3057.0656484375,3000.4533216145833,3032.80322265625,58758600
2021-11-09,3016.6278290041696,3024.7153030765667,2976.1904586421833,3000.452880859375,92427800
2021-11-10,2968.1030557168497,3008.540427048142,2968.1030557168497,2992.365478515625,53511200
2021-11-11,2992.3653480843323,3016.6277698255567,2943.840504601884,2951.927978515625,95789600
2021-11-12,2960.0153198242188,2960.0153198242188,2911.490478515625,2911.490478515625,115142400
2021-11-15,2911.490478515625,2951.9278462727866,2911.490478515625,2911.490478515625,91001800
2021-11-16,2903.403472650928,2976.190746338556,2903.403472650928,2968.103271484375,99590700
2021-11-17,2984.278019676524,2984.278019676524,2911.490750903926,2935.753173828125,82023300
2021-11-18,2935.753173828125,2943.8406481361917,2911.490750903926,2935.753173828125,53290400
2021-11-19,2960.0156062199517,3170.2899389022436,2960.0156062199517,3154.114990234375,310615000
2021-11-22,3170.2899259868423,3178.377400287829,3057.0652857730265,3073.240234375,206683100
2021-11-23,3073.240234375,3113.677605879934,3057.0652857730265,3073.240234375,67778800
2021-11-24,3105.5901315789474,3105.5901315789474,3065.1527600740133,3073.240234375,67303800
2021-11-25,3137.9400537109377,3307.777015380859,3113.677630615234,3234.98974609375,264897100
2021-11-26,3267.3398169615025,3275.4272917559615,3210.727493400288,3243.077392578125,231870300
2021-11-29,3243.077189717316,3372.4767783344655,3218.8147668516003,3348.21435546875,228774600
2021-11-30,3356.3016825511045,3372.4766304188206,3226.902099609375,3226.902099609375,435800600
2021-12-01,3267.339556525735,3356.3017721737133,3251.1646082261027,3299.689453125,200699200
2021-12-02,3348.2142122708833,3388.6515819843,3315.8643165001504,3364.38916015625,116093100
2021-12-03,3340.126896738713,3380.5642683699325,3275.4271021287623,3291.60205078125,96760700
2021-12-06,3283.514588719649,3437.1766014922437,3275.427114363197,3372.476806640625,106756900
2021-12-07,3380.5644260636295,3396.7393754706327,3332.0395778426205,3356.302001953125,121543400
2021-12-08,3315.864574180547,3332.0395233228915,3243.0773030399987,3307.777099609375,113845600
2021-12-09,3307.777153732116,3356.302001953125,3299.6896790286146,3356.302001953125,86985800
2021-12-10,3291.602204325113,3356.302001953125,3291.602204325113,3356.302001953125,90725000
2021-12-13,3356.3017721737133,3356.3017721737133,3299.689453125,3299.689453125,65533000
2021-12-14,3332.03945074314,3332.03945074314,3291.6020787681023,3315.864501953125,75736900
2021-12-15,3283.5145048253676,3348.214298023897,3283.5145048253676,3299.689453125,84424500
2021-12-16,3323.9519763481326,3356.3018739281633,3283.5146043730947,3315.864501953125,98164300
2021-12-17,3243.0772323980564,3315.864501953125,3243.0772323980564,3315.864501953125,149615800
2021-12-20,3291.6019789751836,3323.9518755744484,3267.339556525735,3299.689453125,72794200
2021-12-21,3323.9517904428335,3388.6515819843,3315.8643165001504,3364.38916015625,98039300
2021-12-22,3364.389275395377,3372.4767496150776,3323.951904296875,3323.951904296875,50574500
2021-12-23,3323.9517904428335,3364.38916015625,3315.8643165001504,3364.38916015625,54508200
2021-12-24,3364.389275395377,3372.4767496150776,3315.8644300771743,3323.951904296875,29075600
2021-12-27,3356.3017721737133,3356.3017721737133,3291.6019789751836,3299.689453125,30748000
2021-12-28,3299.6896250382033,3340.1269978940636,3275.427201324687,3307.777099609375,39443300
2021-12-29,3315.8644014246324,3340.126823874081,3299.689453125,3299.689453125,25596100
2021-12-30,3340.1271174969056,3340.1271174969056,3267.33984375,3267.33984375,50575100
2022-01-03,3283.5147559061006,3380.564453125,3275.427281137859,3380.564453125,65937900
2022-01-04,3380.5642809970773,3396.739229709982,3356.30185792772,3372.476806640625,42984700
2022-01-05,3356.3019929108796,3388.6518916377313,3259.252296730324,3275.42724609375,119584700
2022-01-06,3307.7773692306964,3332.039794921875,3259.2525178483393,3332.039794921875,89197500
2022-01-07,3332.039434858363,3388.6517553535296,3307.7770117890063,3372.476806640625,68415100
2022-01-10,3380.564297113186,3388.6517715081936,3315.864501953125,3315.864501953125,44921200
2022-01-11,3332.0395233228915,3364.3894216075796,3307.777099609375,3307.777099609375,61890200
2022-01-12,3323.951904296875,3348.214326955976,3291.6020074180733,3323.951904296875,45132700
2022-01-13,3372.4769783567585,3380.564453125,3323.952129747309,3380.564453125,84148400
2022-01-14,3348.214241264544,3388.651611328125,3340.1267672518275,3388.651611328125,28193100
2022-01-17,3396.7394026614834,3396.7394026614834,3348.2145540520337,3380.564453125,39816300
2022-01-18,3396.739142922794,3437.176513671875,3364.3892463235293,3437.176513671875,112212200
2022-01-19,3445.263987821691,3445.263987821691,3421.0015653722426,3437.176513671875,88713900
2022-01-20,3477.614103922912,3477.614103922912,3388.6518826597676,3412.914306640625,100014500
2022-01-21,3429.0891942118938,3501.87646484375,3388.6518216386403,3501.87646484375,75534800
2022-01-24,3445.2641158702763,3485.701488122275,3437.176641419877,3477.614013671875,70404500
2022-01-25,3485.701560565086,3493.7890351835663,3437.1767128542033,3469.526611328125,116353600
2022-01-26,3542.3138925469816,3550.4013671875,3469.5266207823174,3550.4013671875,127641400
2022-01-27,3558.4887295081967,3558.4887295081967,3445.264088114754,3453.3515625,98613900
2022-01-28,3445.26416015625,3477.6140583736797,3421.0017364931778,3445.26416015625,61686700
2022-01-31,3404.826559353558,3437.176455404423,3388.651611328125,3388.651611328125,88735900
2022-02-02,3372.476806640625,3396.739229709982,3356.30185792772,3372.476806640625,144006000
2022-02-03,3396.7392578125,3404.8267322358633,3364.389360119048,3396.7392578125,58212400
2022-02-04,3445.2641324523497,3445.2641324523497,3380.5643365377514,3421.001708984375,98728700
2022-02-07,3421.001763617242,3469.526611328125,3404.826814380281,3469.526611328125,90285800
2022-02-08,3461.439081430999,3461.439081430999,3421.001708984375,3421.001708984375,71210400
2022-02-09,3461.43896484375,3461.43896484375,3404.8266453252772,3461.43896484375,95375000
2022-02-10,3558.4890651275223,3615.101391163642,3509.9642142394196,3607.013916015625,233984700
2022-02-11,3639.3633964624296,3679.800767534234,3566.576128533181,3598.926025390625,130081900
2022-02-14,3542.3138205788355,3558.4887695312505,3485.7014992453837,3558.48876953125,104903700
2022-02-15,3558.4886975623585,3590.8385948129253,3526.1388003117913,3566.576171875,75305900
2022-02-16,3574.663718483665,3607.0136163884945,3542.3138205788355,3558.48876953125,90121200
2022-02-17,3558.4886975623585,3590.8385948129253,3526.1388003117913,3566.576171875,72970200
2022-02-18,3574.663718483665,3590.83866743608,3534.226346102628,3558.48876953125,71111300
2022-02-21,3534.226318359375,3574.6636904229836,3509.96389512121,3534.226318359375,58883000
2022-02-22,3493.788962572675,3526.1388603742735,3437.176641419877,3477.614013671875,106985800
2022-02-23,3461.438950251437,3534.226217896911,3453.351476068606,3518.05126953125,110562400
2022-02-24,3461.439008604805,3493.788905881486,3396.7392140514444,3429.089111328125,126158600
2022-02-25,3429.089123703917,3518.0513415358582,3429.089123703917,3509.9638671875,208757000
2022-03-01,3752.5880208333333,3760.675495016164,3518.05126953125,3518.05126953125,206416900
2022-03-02,3558.48883213141,3558.48883213141,3453.351662091164,3469.526611328125,152165300
2022-03-04,3590.83866743608,3590.83866743608,3477.6140247691765,3558.48876953125,155369100
2022-03-07,3558.488709984756,3663.625876416124,3534.2262869621327,3647.450927734375,177360400
2022-03-08,3720.2381375135283,3801.112879633388,3671.7132922416126,3736.4130859375,234086000
2022-03-09,3679.8005909962694,3736.4129077808275,3574.663431253519,3590.83837890625,145145900
2022-03-10,3639.3634406887754,3639.3634406887754,3542.313748937075,3566.576171875,130830800
2022-03-11,3566.5763346354165,3712.15087890625,3558.4888599537035,3712.15087890625,143446200
2022-03-14,3760.675552568061,3776.8505011812567,3671.713335195483,3704.063232421875,166572700
2022-03-15,3744.5005601494863,3744.5005601494863,3695.9757148775707,3736.4130859375,231077800
2022-03-16,3768.7631561740686,3768.7631561740686,3679.800935749359,3744.500732421875,109961900
2022-03-17,3679.800796508789,3704.063219342913,3598.9260537283762,3623.1884765625,246300800
2022-03-18,3631.2757654400125,3671.713134765625,3615.1008177097674,3671.713134765625,210266100
2022-03-21,3679.80078125,3695.975729739011,3655.5383585164836,3679.80078125,79691600
2022-03-22,3679.80078125,3704.063203983517,3671.7133070054947,3679.80078125,98699900
2022-03-23,3679.80078125,3695.975729739011,3639.3634100274726,3679.80078125,78299500
2022-03-24,3639.363580001028,3695.9759023565994,3639.363580001028,3687.888427734375,89578400
2022-03-25,3647.4508558965363,3671.7132784413025,3623.1884333517696,3655.538330078125,90053700
2022-03-28,3647.451249893852,3720.238525390625,3639.363774838655,3720.238525390625,184131000
2022-03-29,3720.238326223273,3736.413275467722,3687.888427734375,3687.888427734375,77920800
2022-03-30,3736.413129648267,3736.413129648267,3687.8882838086793,3704.063232421875,118749100
2022-03-31,3736.413129648267,3752.588078261463,3687.8882838086793,3704.063232421875,108109700
2022-04-01,3679.800809502081,3704.063232421875,3663.625860888885,3704.063232421875,86590300
2022-04-04,3687.88808249587,3695.9755563609924,3631.2757654400125,3671.713134765625,103480300
2022-04-05,3679.800752622891,3679.800752622891,3639.3633817149475,3655.538330078125,52172300
2022-04-06,3631.2760679361245,3639.3635424749577,3574.6637461642918,3582.751220703125,108368800
2022-04-07,3598.9258699795223,3671.713134765625,3590.8383961144,3671.713134765625,143921800
2022-04-08,3704.063232421875,3728.325655341669,3687.8882838086793,3704.063232421875,161974500
2022-04-11,3728.3258282696756,3728.3258282696756,3679.8009801793983,3712.15087890625,90521500
2022-04-12,3736.4132578378103,3744.500732421875,3704.0633595015524,3744.500732421875,187948000
2022-04-13,3801.1133541277986,3817.288304570896,3760.6759780200564,3793.02587890625,196864200
2022-04-14,3801.1129369491186,3825.3753599509214,3768.7630396133814,3784.93798828125,112735200
2022-04-18,3817.287424528928,3825.3748978859808,3793.0250044577697,3809.199951171875,120778200
2022-04-19,3833.4628342848555,3841.55030861879,3784.93798828125,3784.93798828125,92268300
2022-04-20,3784.9381053421976,3793.025579926262,3736.4132578378103,3744.500732421875,88360900
2022-04-21,3736.4130859375,3776.85045699743,3720.2381375135283,3736.4130859375,97575800
2022-04-22,3736.4130859375,3784.9379312094156,3704.0631890895565,3736.4130859375,101299100
2022-04-25,3728.325217601347,3817.287424528928,3704.0627975301886,3809.199951171875,92045500
2022-04-26,3784.9379021139703,3849.6376953125,3776.8504279641543,3849.6376953125,85945800
2022-04-27,3817.287969241352,3873.900290819084,3817.287969241352,3857.725341796875,136485600
2022-04-28,3922.4249928131767,3922.4249928131767,3736.4130859375,3736.4130859375,198484800
2022-05-09,3687.8882730930973,3687.8882730930973,3477.613941732526,3485.701416015625,343682000
2022-05-10,3332.039431523617,3542.313764580933,3332.039431523617,3509.9638671875,281386300
2022-05-11,3558.488786446305,3623.1885825635104,3501.87646484375,3501.87646484375,154455400
2022-05-12,3509.963911473474,3550.4012837254727,3437.176641419877,3477.614013671875,233518500
2022-05-13,3437.1766856018926,3518.0514311454667,3421.0017364931778,3445.26416015625,190889200
2022-05-17,3437.1767765026916,3469.526675575658,3380.564453125,3380.564453125,170880700
2022-05-18,3421.0015653722426,3469.5264102711394,3388.6516687729777,3437.176513671875,185359500
2022-05-19,3380.5642373997925,3421.0016086605556,3356.3018146433346,3404.82666015625,112679300
2022-05-20,3412.9141784228864,3421.0016527793387,3372.476806640625,3372.476806640625,141701800
2022-05-23,3364.389275395377,3380.5642238347777,3291.6020074180733,3323.951904296875,196569900
2022-05-24,3332.0395778426205,3396.7393754706327,3332.0395778426205,3356.302001953125,151693700
2022-05-25,3396.7392578125,3404.8267322358633,3356.3018856956846,3396.7392578125,166595400
2022-05-27,3445.2641158702763,3477.614013671875,3404.8267436182778,3477.614013671875,186513500
2022-05-30,3509.9637810202203,3509.9637810202203,3396.739142922794,3437.176513671875,107614100
2022-05-31,3453.3515188832293,3501.8763645818226,3421.0016217508337,3485.701416015625,469620300
2022-06-02,3550.4013575129297,3550.4013575129297,3453.351662091164,3469.526611328125,164481100
2022-06-03,3485.701416015625,3550.4012102804163,3477.613941732526,3485.701416015625,108852800
2022-06-06,3485.701444142425,3509.9638671875,3453.351546748992,3509.9638671875,79319400
2022-06-07,3509.9637810202203,3509.9637810202203,3437.176513671875,3437.176513671875,142504000
2022-06-08,3479.064140505907,3495.83071467702,3420.381130907012,3437.147705078125,202555900
2022-06-09,3420.38130787037,3462.297745466821,3395.2314453125,3395.2314453125,148580200
2022-06-10,3386.8481178093903,3420.3812674906717,3353.3149681281093,3370.08154296875,189186700
2022-06-13,3311.398372276157,3437.1476775524666,3294.6317982393152,3420.381103515625,156054900
2022-06-14,3395.2312831460995,3453.9142929782543,3370.0814217894617,3445.531005859375,117325600
2022-06-15,3403.614501953125,3420.381075854372,3378.4646411012545,3403.614501953125,94848800
2022-06-16,3453.914444422958,3453.914444422958,3378.4648570447866,3386.84814453125,96042200
2022-06-17,3361.6983855904887,3453.91455078125,3336.5485223566443,3453.91455078125,169375800
2022-06-20,3395.2314320177134,3403.6147195041767,3353.314994585396,3386.84814453125,82101200
2022-06-21,3403.6145702649787,3453.9142929782543,3378.464708908341,3445.531005859375,77489000
2022-06-22,3428.7645953896604,3428.7645953896604,3386.84815779321,3395.2314453125,60907800
2022-06-23,3378.4645385742188,3487.447265625,3378.4645385742188,3487.447265625,101065400
2022-06-24,3546.130506988893,3546.130506988893,3437.1477727315514,3479.064208984375,81050700
2022-06-27,3445.5309506727963,3453.914237657402,3386.847941780559,3411.997802734375,71574300
2022-06-28,3361.698268843052,3395.231418656948,3353.314981389578,3378.46484375,128618800
2022-06-29,3353.314994585396,3420.381294477104,3353.314994585396,3386.84814453125,72888100
2022-06-30,3445.5311022949218,3445.5311022949218,3353.31494140625,3353.31494140625,116718900
2022-07-01,3361.6982555484296,3386.8481178093903,3353.3149681281093,3370.08154296875,39572500
2022-07-04,3370.0812566083173,3386.847830024279,3219.1820958646613,3344.931396484375,115885200
2022-07-05,3361.6979699003364,3411.997690148222,3311.3982496524513,3344.931396484375,72329600
2022-07-06,3395.2314052297106,3395.2314052297106,3328.1651058671487,3370.08154296875,62679000
2022-07-07,3386.84814453125,3395.2314320177134,3361.6982820718595,3386.84814453125,42393800
2022-07-08,3395.231391735505,3403.6146791225065,3353.314954800499,3361.6982421875,64049000
2022-07-11,3437.147869450031,3437.147869450031,3353.314994585396,3386.84814453125,42258000
2022-07-12,3403.6146791225065,3403.6146791225065,3361.6982421875,3361.6982421875,43399800
2022-07-13,3361.698146761976,3378.464721060041,3294.6318495697174,3303.01513671875,96218200
2022-07-14,3303.0152436061876,3370.08154296875,3269.4820939249066,3370.08154296875,68708500
2022-07-15,3386.848049228163,3529.3639324877636,3361.6981874764683,3479.064208984375,146093800
2022-07-18,3445.530873592258,3512.59716796875,3411.9977264040126,3512.59716796875,84009400
2022-07-19,3512.5971257136416,3512.5971257136416,3462.297405536358,3487.447265625,91367900
2022-07-20,3470.6807614867876,3537.7470563947445,3470.6807614867876,3529.36376953125,82344000
2022-07-21,3529.363838303257,3571.2802734375,3504.213977222711,3571.2802734375,107234600
2022-07-22,3554.513902740839,3554.513902740839,3512.597465208518,3546.130615234375,59792300
2022-07-25,3554.513671875,3571.2802457989387,3537.7470979510613,3554.513671875,37218000
2022-07-26,3554.5136856617646,3562.89697265625,3512.597250689338,3562.89697265625,49786900
2022-07-27,3546.1304664789245,3604.8134765625,3529.3638921693314,3604.8134765625,60672300
2022-07-28,3613.1966806087853,3621.579967570755,3512.5972370651534,3554.513671875,110767300
2022-07-29,3588.047052766696,3604.8136277796248,3529.3640402214464,3546.130615234375,108823600
2022-08-01,3546.1304664789245,3604.8134765625,3546.1304664789245,3604.8134765625,104724300
2022-08-02,3646.7298734857795,3730.562744140625,3562.897002830934,3730.562744140625,112228800
2022-08-03,3730.563053385417,3847.92908203125,3697.02990234375,3772.4794921875,251825000
2022-08-04,3730.5626395089284,3814.3955078125,3730.5626395089284,3814.3955078125,186881500
2022-08-05,3847.928792842742,3898.228515625,3797.629070060484,3898.228515625,268967200
2022-08-08,3940.145263671875,3940.145263671875,3898.2288246966423,3940.145263671875,191023500
2022-08-09,3940.1446901518725,3940.1446901518725,3881.4616841283337,3889.844970703125,164453900
2022-08-10,3797.6291905453327,3847.928914923417,3764.0960409599434,3822.779052734375,162061400
2022-08-11,3814.3955355921776,3864.695256940646,3789.2456749179432,3831.162109375,123629000
2022-08-12,3831.162081473214,3856.311941964286,3797.628934151786,3814.3955078125,124552500
2022-08-15,3806.012327729986,3831.1621889264397,3722.1794570751404,3730.562744140625,136882800
2022-08-16,3797.6289843085674,3839.54541901396,3697.029541015625,3697.029541015625,127710800
2022-08-18,3655.1130580357144,3814.3955078125,3646.7297712053573,3814.3955078125,182044300
2022-08-19,3822.779347826087,3864.6957880434784,3738.9464673913044,3856.3125,177623900
2022-08-22,3814.395644321237,3906.6118027553766,3797.629070060484,3898.228515625,202320400
2022-08-23,3923.37839072559,3948.5282522046004,3864.6953806078996,3906.61181640625,229431400
2022-08-24,3906.6119366776315,3998.828098273026,3856.3122121710526,3982.0615234375,189007900
2022-08-25,3923.3782651805254,3940.1448389633483,3822.778822483589,3831.162109375,179495700
2022-08-26,3780.8627668690838,3806.012630063335,3755.712903674833,3764.09619140625,184317100
2022-08-29,3663.496304402309,3814.395465682038,3655.113017664546,3789.24560546875,101529800
2022-08-30,3839.545518057687,3873.0786666870117,3755.712646484375,3755.712646484375,118884300
2022-08-31,3705.413029185512,3856.312202319764,3705.413029185512,3822.779052734375,175300400
2022-09-01,3822.778836312773,3898.22841860842,3797.6289755475573,3839.54541015625,120871700
2022-09-02,3806.0127717391306,3873.0790760869563,3806.0127717391306,3856.3125,106985000
2022-09-05,3822.778891030844,3881.4619003229845,3814.39560398911,3873.07861328125,77323800
2022-09-06,3864.6954213076847,3873.0787085556403,3780.862548828125,3780.862548828125,61970100
2022-09-07,3772.4794791376667,3822.779205526169,3755.712903674833,3764.09619140625,106145700
2022-09-08,3772.479328356291,3889.845351905153,3772.479328356291,3822.779052734375,123389200
2022-09-09,3814.3960597826085,3856.3125,3797.629483695652,3856.3125,50307800
2022-09-12,3856.31192782902,3856.31192782902,3797.628920231622,3806.01220703125,74820600
2022-09-13,3806.012178944275,3822.7787524198006,3789.2456054687495,3789.24560546875,91510200
2022-09-14,3764.0959336417063,3797.6290822710307,3738.9460721697124,3755.712646484375,97919200
2022-09-15,3806.0126432291668,3856.3123697916667,3772.4794921875,3772.4794921875,125599900
2022-09-16,3772.479123485332,3772.479123485332,3697.029541015625,3697.029541015625,210277300
2022-09-19,3738.9463411458332,3822.77921875,3722.179765625,3772.4794921875,116164500
2022-09-20,3797.6290822710307,3806.012369428362,3755.712646484375,3755.712646484375,100743700
2022-09-21,3730.56296182809,3747.3295369374296,3697.0298116094104,3713.79638671875,91363200
2022-09-22,3688.6465240547404,3730.56296182809,3671.879948945401,3713.79638671875,89922900
2022-09-23,3688.6462123644405,3713.796072903289,3671.879638671875,3671.879638671875,95911400
2022-09-26,3680.263275557035,3780.8627272806893,3604.813686764294,3738.9462890625,132185400
2022-09-27,3730.562485703477,3747.3290586729304,3671.8794803103883,3722.17919921875,123113800
2022-09-28,3713.7959552397933,3797.6288210465605,3688.646095497763,3747.3291015625,104385500
2022-09-29,3738.9457721882036,3772.4789181271112,3705.412626249296,3722.17919921875,90290400
2022-09-30,3688.6465632006725,3772.4794396370517,3680.263275557035,3738.9462890625,111482000
2022-10-03,3738.9462890625,3747.3295767061377,3671.8799879133967,3738.9462890625,77569100
2022-10-04,3738.9457721882036,3780.862204611838,3713.7959127340227,3722.17919921875,87832800
2022-10-05,3764.0961519934135,3806.012590211603,3738.9462890625,3738.9462890625,61888400
2022-10-06,3738.9462493827596,3755.7128244920996,3705.4130991640804,3713.79638671875,60464300
2022-10-07,3688.6461700790232,3713.796030329562,3646.7297363281255,3646.729736328125,102570000
2022-10-10,3638.3467857395362,3705.4130859375,3629.963498214791,3705.4130859375,72389100
2022-10-11,3655.113213275812,3671.879787648637,3613.19677734375,3613.19677734375,108794500
2022-10-12,3604.813530565956,3646.729966967886,3588.0469560051843,3638.3466796875,107938600
2022-10-13,3629.9633380268897,3646.7299123364824,3596.4301894077034,3604.8134765625,70034500
2022-10-14,3655.1131856424827,3655.1131856424827,3596.4301757812505,3596.43017578125,68096300
2022-10-17,3520.9806446665707,3629.96337890625,3520.9806446665707,3629.96337890625,90321700
2022-10-18,3613.196694623162,3638.3465556066176,3562.89697265625,3562.89697265625,72516000
2022-10-19,3537.747287713914,3604.8135870070687,3520.980712890625,3520.980712890625,65848300
2022-10-20,3520.980435075431,3646.7297363281255,3520.980435075431,3646.729736328125,165391500
2022-10-21,3604.813316415209,3680.2628974564577,3604.813316415209,3655.113037109375,79825700
2022-10-24,3671.8796801923895,3730.562688779939,3671.8796801923895,3697.029541015625,76777200
2022-10-25,3713.7963333303674,3747.3294830669847,3680.26318359375,3680.26318359375,109154300
2022-10-26,3705.413018896596,3713.796306269665,3629.963432538973,3663.49658203125,97320500
2022-10-27,3680.2631567773883,3697.0297315235266,3638.3467199120423,3663.49658203125,80270300
2022-10-28,3705.412882944171,3730.562744140625,3671.879734682233,3730.562744140625,91101500
2022-10-31,3738.9461956328305,3738.9461956328305,3655.1133212912873,3680.26318359375,162753500
2022-11-01,3705.4130859375,3705.4130859375,3655.1133607890274,3705.4130859375,108592900
2022-11-02,3688.646489003258,3705.4130639532727,3537.747314453125,3537.747314453125,217855200
2022-11-03,3470.680894606916,3495.8307561620386,3395.2313099415483,3462.297607421875,231475000
2022-11-04,3411.9977534423247,3529.36376953125,3411.9977534423247,3529.36376953125,201183100
2022-11-07,3562.8970137266356,3588.046875,3487.447429906542,3588.046875,129868800
2022-11-08,3579.663751828162,3588.047039303169,3520.9807395031103,3537.747314453125,110546800
2022-11-09,3520.9804547658114,3546.1303151569955,3504.2138811716886,3512.59716796875,145833200
2022-11-10,3445.531086654114,3529.3639598087157,3445.531086654114,3495.830810546875,81249200
2022-11-11,3487.44749623494,3504.2140707360695,3470.6809217338105,3479.064208984375,227799300
2022-11-14,3428.7645953896604,3453.914457947531,3378.4648702739196,3395.2314453125,188771200
2022-11-15,3395.2314453125,3420.38130787037,3378.4648702739196,3395.2314453125,88570400
2022-11-16,3353.3150077160494,3411.9980203510804,3319.781857638889,3395.2314453125,149512300
2022-11-17,3370.081569558323,3411.9980069906405,3370.081569558323,3386.84814453125,68616700
2022-11-18,3411.9979665095075,3420.381253896509,3361.6982421875,3361.6982421875,115907900
2022-11-21,3370.0815562965263,3403.614706110422,3361.698268843052,3378.46484375,45277400
2022-11-22,3370.0815161132814,3386.8480908203123,3353.31494140625,3353.31494140625,83888300
2022-11-23,3344.9313681960407,3378.4645147443716,3328.164794921875,3328.164794921875,95750400
2022-11-24,3336.54840648263,3386.848131203474,3336.54840648263,3378.46484375,50741600
2022-11-25,3361.698268843052,3386.848131203474,3336.54840648263,3378.46484375,73305800
2022-11-28,3378.464776273948,3386.848063559987,3336.54833984375,3336.54833984375,94063100
2022-11-29,3336.54833984375,3370.081488987908,3336.54833984375,3336.54833984375,94389800
2022-11-30,3328.1651321260056,3395.2314320177134,3328.1651321260056,3386.84814453125,585687400
2022-12-01,3370.0814615885415,3386.848036024305,3319.78173828125,3319.78173828125,230066600
2022-12-02,3311.398504638672,3370.0815161132814,3294.6319299316406,3353.31494140625,113336600
2022-12-05,3336.548397064209,3344.9316844940186,3202.415798187256,3219.182373046875,148751200
2022-12-06,3051.516300455729,3118.582592773437,3001.216581217448,3017.983154296875,416468700
2022-12-07,3017.9832657523775,3101.816134245499,2992.833405204441,3085.049560546875,278572200
2022-12-08,3101.8162169430984,3168.8825135256516,3034.749920360545,3135.349365234375,245646400
2022-12-09,3085.0495184075344,3118.5826653467466,3043.133084733519,3059.899658203125,164606100
2022-12-12,3076.666301335515,3110.199449033995,3051.5164405616556,3101.816162109375,170545000
2022-12-13,3093.43318359375,3177.2660611979168,3085.0498958333333,3143.73291015625,231127000
2022-12-14,3202.4159244791667,3202.4159244791667,3135.349622395833,3143.73291015625,107175700
2022-12-15,3085.0497913828335,3118.582941289169,3076.66650390625,3076.66650390625,143233600
2022-12-16,3026.36655260169,3135.349281642748,3026.36655260169,3085.049560546875,310944500
2022-12-19,3135.349337670111,3177.2657726657008,3085.0496156754034,3118.582763671875,119137700
2022-12-20,3126.966050670993,3143.7326246692287,3101.816189673639,3118.582763671875,55351300
2022-12-21,3093.432758905013,3177.265625,3076.6661856860155,3177.265625,98741000
2022-12-22,3185.649348958333,3194.03263671875,3135.349622395833,3143.73291015625,68702100
2022-12-23,3110.199557834201,3168.882568359375,3101.8162706163193,3168.882568359375,45179400
2022-12-26,3168.8827734375,3185.649348958333,3126.966334635417,3143.73291015625,19216700
2022-12-27,3160.4993214044043,3219.182332677165,3143.732746755044,3194.032470703125,49816500
2022-12-28,3185.649322427949,3194.0326101185487,3110.19973321255,3126.96630859375,65006300
2022-12-29,3118.582845052083,3177.265855577257,3110.199557834201,3168.882568359375,51703500
2022-12-30,3152.116197916667,3185.649348958333,3143.73291015625,3143.73291015625,79677300
2023-01-02,3143.7327334755346,3185.649169921875,3143.7327334755346,3185.649169921875,7959900
2023-01-03,3177.265962116459,3261.098837106339,3160.499387118483,3235.948974609375,64235000
2023-01-04,3219.18210078534,3235.9486742269305,3194.0322406229548,3202.41552734375,56785600
2023-01-05,3185.6491291238394,3202.415703487649,3118.5828316686006,3160.499267578125,135167000
2023-01-06,3143.7326107385024,3160.499184662441,3110.199462890625,3110.199462890625,65207400
2023-01-09,3126.9659053430078,3177.265625,3126.9659053430078,3177.265625,46616400
2023-01-10,3194.0324974757264,3227.5656470555236,3143.7327731060295,3210.799072265625,80009900
2023-01-11,3202.4155967377264,3269.4818919573645,3177.265736030362,3244.33203125,75139300
2023-01-12,3177.265962116459,3269.482124605327,3168.882674617471,3235.948974609375,105775500
2023-01-13,3202.4157172309024,3235.94886610243,3160.4992811414927,3168.882568359375,85780600
2023-01-16,3168.882661576705,3227.565673828125,3168.882661576705,3227.565673828125,58918700
2023-01-17,3244.3323792276506,3344.9318328471127,3235.9490914260286,3311.398681640625,132256600
2023-01-18,3361.6981328522584,3361.6981328522584,3269.4819745944656,3294.6318359375,94772000
2023-01-19,3269.481919786311,3336.5482155767995,3252.715345838689,3261.0986328125,109555200
2023-01-20,3277.8651788598195,3286.248465762274,3227.5654574450905,3244.33203125,88457800
2023-01-24,3261.09882368608,3277.865398615057,3227.565673828125,3227.565673828125,45504900
2023-01-25,3227.5656604766846,3252.7155227661133,3194.0325107574463,3219.182373046875,80575100
2023-01-26,3227.5653552768813,3353.3146548331233,3227.5653552768813,3328.164794921875,117238000
2023-01-27,3328.165025499132,3344.9315999348955,3311.3984510633677,3319.78173828125,100769500
2023-01-30,3319.78173828125,3328.165025499132,3277.86530219184,3319.78173828125,59425300
2023-01-31,3303.015261008523,3311.3985484730115,3227.565673828125,3227.565673828125,179726700
2023-02-01,3227.5654574450905,3269.4818919573645,3219.182170542636,3244.33203125,70997300
2023-02-02,3227.5654849172556,3269.481919786311,3219.182197943445,3261.0986328125,78852300
2023-02-03,3277.8651928459244,3286.2484797841494,3244.332045093025,3252.71533203125,55154800
2023-02-06,3235.9487581548,3277.8651928459244,3227.565471216575,3252.71533203125,58861300
2023-02-07,3252.7154682360197,3252.7154682360197,3185.649169921875,3185.649169921875,76254900
2023-02-08,3185.6492233276367,3227.5656604766846,3177.265935897827,3219.182373046875,65856500
2023-02-09,3219.182277851459,3219.182277851459,3152.11598039622,3160.499267578125,91337300
2023-02-10,3143.7327334755346,3185.649169921875,3093.433009739926,3185.649169921875,88759600
2023-02-13,3185.6489116094986,3194.032198218997,3143.732478562005,3177.265625,69004400
2023-02-14,3210.7990317896792,3210.7990317896792,3152.1160207648027,3185.649169921875,80331100
2023-02-15,3194.032198218997,3202.4154848284957,3126.9659053430078,3177.265625,59028200
2023-02-16,3185.6491291238394,3185.6491291238394,3143.732693214315,3160.499267578125,49869900
2023-02-17,3160.4992539426116,3160.4992539426116,3118.58281821393,3152.115966796875,50369000
2023-02-20,3152.115807018979,3202.41552734375,3152.115807018979,3202.41552734375,57438900
2023-02-21,3227.5656604766846,3244.3322353363037,3210.7990856170654,3219.182373046875,63880300
2023-02-22,3227.565687110387,3244.332262108363,3185.649249615447,3235.948974609375,48505600
2023-02-23,3311.3982216477093,3328.164794921875,3261.0985018252127,3328.164794921875,109147100
2023-02-24,3353.314994585396,3386.84814453125,3311.3985571530784,3386.84814453125,142165700
2023-02-27,3344.9315999348955,3353.3148871527774,3286.248589409722,3319.78173828125,66461600
2023-02-28,3294.6317667223743,3328.1649144752737,3252.71533203125,3252.71533203125,115766900
2023-03-01,3294.6318359375,3344.931558623569,3277.8652617088105,3294.6318359375,47395200
2023-03-02,3269.4819059076995,3294.6317667223743,3252.71533203125,3252.71533203125,43208800
2023-03-03,3252.7153595753207,3286.2485076121798,3244.332072566106,3269.48193359375,49796000
2023-03-06,3303.0150536605993,3311.3983405988242,3244.332045093025,3252.71533203125,50103800
2023-03-07,3261.098618969475,3277.8651928459244,3227.565471216575,3252.71533203125,59086800
2023-03-08,3227.5655523774585,3303.01513671875,3227.5655523774585,3303.01513671875,78551000
2023-03-09,3328.164794921875,3353.3146548331233,3319.7815082847924,3328.164794921875,68725500
2023-03-10,3319.781805252494,3370.0815295745015,3294.63194309149,3361.6982421875,76136200
2023-03-13,3370.081367811348,3428.7643767035856,3336.548219872927,3411.997802734375,104663300
2023-03-14,3378.4648303890704,3428.764554910992,3353.3149681281093,3370.08154296875,111430100
2023-03-15,3395.231391735505,3395.231391735505,3344.9316674134975,3361.6982421875,65025400
2023-03-16,3386.84815779321,3403.61473283179,3336.548432677469,3395.2314453125,96707900
2023-03-17,3428.7645953896604,3437.1478829089506,3378.4648702739196,3395.2314453125,232270900
2023-03-20,3395.23111673226,3395.23111673226,3303.0149629444704,3344.931396484375,105982700
2023-03-21,3353.315097845874,3453.91455078125,3353.315097845874,3453.91455078125,88808200
2023-03-24,3437.1476636881907,3453.914237657402,3403.6145157497695,3411.997802734375,96214700
2023-03-27,3437.1478829089506,3453.914457947531,3378.4648702739196,3395.2314453125,71556400
2023-03-28,3437.1478829089506,3437.1478829089506,3378.4648702739196,3395.2314453125,87955300
2023-03-29,3428.7644179925687,3453.9142792492376,3411.9978438214557,3437.147705078125,113504700
2023-03-30,3395.2312560885925,3462.2975525051575,3386.847969036522,3428.764404296875,87690800
2023-03-31,3445.5309367062423,3453.914223656866,3386.847928051878,3403.614501953125,93699000
2023-04-03,3437.1476775524666,3437.1476775524666,3411.9978164972044,3420.381103515625,56896200
2023-04-04,3420.381075854372,3437.147649755619,3386.847928051878,3403.614501953125,82969200
2023-04-05,3437.1477727315514,3495.8307834855045,3420.381198230422,3479.064208984375,70419100
2023-04-06,3520.9805376838235,3579.6635466452203,3495.8306767003673,3562.89697265625,125329700
2023-04-10,3562.897040788517,3604.8134765625,3512.5973178597383,3604.8134765625,85757900
2023-04-11,3596.4301894077034,3604.8134765625,3562.897040788517,3604.8134765625,84322900
2023-04-12,3621.5800645301624,3646.7299260893997,3571.280341411688,3613.19677734375,178923700
2023-04-13,3638.3466796875,3646.729966967886,3596.43024328557,3638.3466796875,119431600
2023-04-14,3638.3466796875,3655.113254248272,3621.580105126728,3638.3466796875,117305500
2023-04-17,3638.3465836321725,3638.3465836321725,3562.8970001006296,3579.66357421875,59688000
2023-04-18,3554.513713041569,3588.0468612778104,3546.1304259825088,3579.66357421875,65644600
2023-04-26,3755.7127840909093,3772.4793590198865,3629.96347212358,3688.646484375,198984100
2023-04-27,3730.5630634449144,3730.5630634449144,3604.8137466995804,3621.580322265625,58407000
2023-04-28,3579.6635466452203,3621.579981617647,3537.747111672794,3562.89697265625,112116900
2023-05-02,3529.3637415628727,3537.747028359934,3462.2974471863813,3512.59716796875,117097400
2023-05-03,3520.980645237199,3520.980645237199,3420.381198230422,3479.064208984375,158597800
2023-05-04,3495.8307834855045,3512.597357986634,3470.6809217338105,3479.064208984375,98421300
2023-05-05,3487.447523231415,3495.830810546875,3420.381224707734,3495.830810546875,113408100
2023-05-08,3495.8306584099832,3504.2139453606064,3386.847928051878,3403.614501953125,121002600
2023-05-09,3395.2312287651644,3428.7643767035856,3378.4646547959537,3411.997802734375,105907900
2023-05-10,3395.2313099415483,3462.297607421875,3386.8480227565074,3462.297607421875,84306600
2023-05-11,3437.1476913489455,3453.914265453087,3403.6145431406635,3428.764404296875,74171300
2023-05-12,3395.231350846027,3395.231350846027,3311.398477985631,3336.54833984375,236777600
2023-05-15,3344.9316271297894,3344.9316271297894,3294.6319034135518,3336.54833984375,113329300
2023-05-16,3370.081488987908,3370.081488987908,3303.0151906995916,3336.54833984375,68777200
2023-05-17,3336.548109776394,3370.0812566083173,3319.7815363604323,3344.931396484375,83183300
2023-05-19,3344.931680707789,3403.614692650031,3328.1651058671487,3370.08154296875,95986000
2023-05-22,3353.314994585396,3420.381294477104,3336.548419612469,3386.84814453125,115578100
2023-05-23,3378.4648570447866,3420.381294477104,3378.4648570447866,3386.84814453125,132751000
2023-05-24,3370.0812518780044,3520.9804124098555,3370.0812518780044,3487.447265625,194127500
2023-05-25,3512.597564993553,3537.747428227397,3453.91455078125,3453.91455078125,122121000
2023-05-26,3470.680894606916,3487.4474689769977,3445.531033051793,3462.297607421875,62211800
2023-05-29,3453.9144135974702,3520.980712890625,3428.7645513625375,3520.980712890625,77540300
2023-05-30,3470.6811262704796,3512.597564993553,3453.91455078125,3453.91455078125,78924700
2023-05-31,3453.914444422958,3487.4475943688117,3386.84814453125,3386.84814453125,1155861400
2023-06-05,3403.614529478784,3462.2975386077283,3370.081381405101,3420.381103515625,189129300
2023-06-06,3428.764404296875,3462.2975525051575,3395.2312560885925,3428.764404296875,95792700
2023-06-07,3437.1477727315514,3479.064208984375,3420.381198230422,3479.064208984375,127707400
2023-06-08,3487.447523231415,3504.214097862335,3453.914373969574,3495.830810546875,78989700
2023-06-09,3495.8307834855045,3495.8307834855045,3470.6809217338105,3479.064208984375,83014700
2023-06-12,3529.3830439814815,3538.119140625,3503.174754050926,3538.119140625,94687300
2023-06-13,3529.383069362593,3546.855262775279,3520.64697265625,3520.64697265625,69609000
2023-06-14,3511.9109143066407,3529.383107910156,3485.702623901367,3494.438720703125,110730800
2023-06-15,3485.702598457906,3529.3830821478546,3476.9665017199163,3511.910888671875,85391800
2023-06-16,3511.9107060276287,3520.6468023112798,3459.494128325724,3468.230224609375,160978900
2023-06-19,3459.494140625,3485.702429569129,3450.7580443102906,3459.494140625,54934100
2023-06-20,3476.966296356125,3485.702392578125,3450.758007690124,3485.702392578125,55155600
2023-06-21,3468.230455868208,3476.966552734375,3450.7582621358747,3476.966552734375,60191300
2023-06-22,3476.9663581654504,3485.7024545427503,3442.02197265625,3442.02197265625,56150900
2023-06-23,3442.022203817247,3459.4943977452535,3442.022203817247,3450.75830078125,41812400
2023-06-26,3442.0219114681236,3485.702392578125,3442.0219114681236,3485.702392578125,36011500
2023-06-27,3520.647011108398,3520.647011108398,3485.702623901367,3494.438720703125,64879900
2023-07-03,3520.647011108398,3520.647011108398,3468.2304302978514,3494.438720703125,75193200
2023-07-04,3494.438513460327,3503.174609743978,3468.230224609375,3468.230224609375,33974300
2023-07-05,3468.230455868208,3476.966552734375,3450.7582621358747,3476.966552734375,43303000
2023-07-06,3468.23023693971,3485.702429569129,3459.494140625,3459.494140625,68088900
2023-07-07,3459.494140625,3476.966333254419,3450.7580443102906,3459.494140625,50474800
2023-07-10,3459.4943977452535,3476.9665916732597,3442.022203817247,3450.75830078125,65643300
2023-07-11,3450.7582621358747,3485.702649600542,3450.7582621358747,3476.966552734375,89768500
2023-07-12,3476.966552734375,3503.1748433328753,3468.230455868208,3476.966552734375,73770400
2023-07-13,3459.4941904496172,3468.2302868901465,3415.8137082469702,3424.5498046875,83009900
2023-07-14,3459.494177898378,3459.494177898378,3424.5497922630407,3433.285888671875,64886900
2023-07-17,3450.758106592671,3468.230299537444,3415.813720703125,3415.813720703125,81399700
2023-07-18,3433.285990132914,3433.285990132914,3337.1889267958604,3363.397216796875,135860500
2023-07-20,3337.1889267958604,3372.13331346388,3328.4528301288556,3363.397216796875,88907600
2023-07-21,3354.661107512953,3380.8693974153985,3354.661107512953,3372.13330078125,53955100
2023-07-24,3389.605443709936,3433.285926231971,3380.869347205529,3407.07763671875,80710100
2023-07-25,3424.549855025773,3424.549855025773,3389.60546875,3389.60546875,66434400
2023-07-26,3398.341565318943,3407.0776618878867,3345.9249859052834,3389.60546875,86732900
2023-07-27,3354.6610383064517,3372.1332312142977,3249.827880859375,3249.827880859375,235026400
2023-07-28,3241.091784405452,3276.0361702211444,3223.619591497606,3249.827880859375,181626700
2023-07-31,3232.355687951529,3276.0361702211444,3206.1473985897596,3249.827880859375,153583300
2023-08-01,3232.355891927083,3302.24466796875,3232.355891927083,3276.036376953125,97680500
2023-08-02,3267.3001116827572,3267.3001116827572,3214.8835323509484,3223.61962890625,121333500
2023-08-03,3206.1473985897596,3284.7722666750674,3206.1473985897596,3249.827880859375,82013300
2023-08-04,3249.8279185721544,3258.564015127456,3223.61962890625,3223.61962890625,67746800
2023-08-07,3232.355738100798,3249.8279312797217,3214.883544921875,3214.883544921875,94909700
2023-08-08,3214.8837236092495,3284.7725002094503,3214.8837236092495,3258.564208984375,116329400
2023-08-09,3276.036108204161,3319.716589646883,3267.300011915617,3293.50830078125,129416100
2023-08-10,3319.716796875,3345.925087376645,3319.716796875,3319.716796875,140158900
2023-08-11,3345.925074459687,3354.661171259843,3310.9806872590634,3328.452880859375,109714400
2023-08-14,3328.4528553616597,3345.925048828125,3284.772371695496,3345.925048828125,86871800
2023-08-15,3319.716528448135,3345.9248168306203,3319.716528448135,3337.188720703125,80015200
2023-08-16,3310.9806618951943,3345.925048828125,3276.036274962263,3345.925048828125,81507800
2023-08-18,3310.9805057606795,3319.716602081948,3284.772216796875,3284.772216796875,108780100
2023-08-21,3284.7722416026068,3302.244434377089,3249.827856053643,3267.300048828125,64449000
2023-08-22,3267.300279947917,3302.24466796875,3258.564182942708,3276.036376953125,98059600
2023-08-23,3276.036145215366,3293.508337989848,3258.563952440884,3267.300048828125,84842500
2023-08-24,3258.563977313298,3293.5083631289904,3249.827880859375,3249.827880859375,82789700
2023-08-25,3232.355687951529,3258.563977313298,3232.355687951529,3249.827880859375,42049200
2023-08-28,3258.564002454603,3267.300098975929,3232.355712890625,3232.355712890625,37727500
2023-08-29,3232.355687951529,3249.827880859375,3232.355687951529,3249.827880859375,53453600
2023-08-30,3258.5641064581287,3363.3972680599986,3249.8280096579724,3328.452880859375,130027200
2023-08-31,3328.4529855845763,3337.1890826596014,3232.3559177592997,3258.564208984375,227635800
2023-09-01,3241.091784405452,3267.300073767221,3241.091784405452,3249.827880859375,82253200
2023-09-04,3249.82811190935,3276.036403134425,3241.092014834325,3258.564208984375,55881900
2023-09-05,3258.563952440884,3276.036145215366,3241.091759666402,3267.300048828125,62933300
2023-09-06,3276.0360838555407,3328.4526611972296,3267.299987631926,3310.98046875,98673400
2023-09-07,3302.2444094394114,3310.9805057606795,3258.56392783307,3284.772216796875,63054500
2023-09-08,3293.5084013486617,3293.5084013486617,3206.1474357956467,3223.61962890625,143090100
2023-09-11,3241.091809411951,3241.091809411951,3214.883519847973,3232.355712890625,76577500
2023-09-12,3232.355700387466,3267.300086337601,3232.355700387466,3241.091796875,72170600
2023-09-13,3249.8278933625334,3249.8278933625334,3206.147410924865,3241.091796875,82635900
2023-09-14,3241.09183469026,3249.8279312797217,3214.883544921875,3214.883544921875,55532900
2023-09-15,3214.883495043683,3302.2444595829134,3206.1473985897596,3249.827880859375,147757300
2023-09-18,3232.355738100798,3249.8279312797217,3214.883544921875,3214.883544921875,40645900
2023-09-19,3223.6198206842746,3267.3003060594,3223.6198206842746,3258.564208984375,38375000
2023-09-20,3267.3002032582845,3363.3972680599986,3267.3002032582845,3328.452880859375,171751900
2023-09-21,3328.452880859375,3354.661171259843,3310.9806872590634,3328.452880859375,94880700
2023-09-22,3345.925010878805,3389.6054940495465,3328.452817610508,3372.13330078125,101185700
2023-09-25,3328.452685935428,3345.9248785125164,3293.50830078125,3293.50830078125,125817700
2023-09-26,3293.508313118143,3319.716602081948,3276.0361204756064,3284.772216796875,74734500
2023-09-27,3276.0361702211444,3302.2444595829134,3249.827880859375,3249.827880859375,83337700
2023-09-29,3258.564182942708,3319.7168619791664,3258.564182942708,3276.036376953125,66219300
2023-10-02,3276.036376953125,3302.24466796875,3258.564182942708,3276.036376953125,71945000
2023-10-03,3276.036108204161,3319.716589646883,3267.300011915617,3293.50830078125,61155100
2023-10-04,3319.716822709987,3319.716822709987,3267.3002412987767,3302.24462890625,77527700
2023-10-05,3310.9805560368363,3319.7166524907593,3249.827880859375,3249.827880859375,81258900
2023-10-06,3302.24462890625,3319.716822709987,3293.508532004382,3302.24462890625,60156100
2023-10-09,3293.508313118143,3302.2444094394114,3276.0361204756064,3284.772216796875,37711400
2023-10-10,3302.2445904589076,3337.188977659531,3293.508493658752,3328.452880859375,51167900
2023-10-11,3302.24462890625,3328.452919611855,3302.24462890625,3302.24462890625,83154300
2023-10-12,3337.188952094892,3380.8694357610557,3319.7167586284268,3345.925048828125,101645100
2023-10-13,3337.1889267958604,3363.397216796875,3328.4528301288556,3363.397216796875,48856500
2023-10-16,3363.3970836882895,3363.3970836882895,3267.300024154338,3284.772216796875,117472800
2023-10-17,3302.244372526385,3328.4526611972296,3293.5082763027704,3310.98046875,57046900
2023-10-18,3293.5085709635414,3302.24466796875,3258.564182942708,3276.036376953125,64910600
2023-10-19,3258.564208984375,3284.7725002094503,3249.82811190935,3258.564208984375,62296900
2023-10-20,3249.827905933277,3258.564002454603,3223.619616369299,3232.355712890625,38978200
2023-10-23,3241.091925370066,3249.8280222039475,3153.73095703125,3153.73095703125,69428400
2023-10-24,3179.9389528039383,3206.147240876498,3144.994568707192,3188.675048828125,67041700
2023-10-25,3188.6751098632812,3214.8833984374996,3127.522436523437,3144.99462890625,89567900
2023-10-26,3144.9947804418102,3153.7308770541486,3022.6894278690734,3040.16162109375,141139700
2023-10-27,3040.161595982143,3083.8420786830357,3005.2172098214287,3057.6337890625,99607000
2023-10-30,3057.633891858553,3057.633891858553,2961.5368266858554,2987.7451171875,82945500
2023-10-31,2970.2728358927293,3066.369898230435,2970.2728358927293,3048.897705078125,66801600
2023-11-01,3144.994604627072,3232.355565866713,3144.994604627072,3162.466796875,154441100
2023-11-02,3223.6194697427486,3223.6194697427486,3162.466796875,3162.466796875,69582500
2023-11-03,3136.2585695410976,3171.2029547170428,3092.578088071166,3118.786376953125,85146800
2023-11-06,3153.7306647313785,3188.675048828125,3144.994568707192,3188.675048828125,66902400
2023-11-07,3144.9946658350837,3153.73076212907,3101.314184365152,3118.786376953125,103642200
2023-11-08,3075.10595703125,3092.578149968928,3057.6337640935726,3075.10595703125,103415400
2023-11-09,3057.6339937809844,3118.786673656604,3057.6339937809844,3083.84228515625,96594900
2023-11-10,3075.1059198943663,3101.314208984375,3048.8976308043575,3101.314208984375,48619500
2023-11-13,3118.786439375444,3118.786439375444,3066.3698605624113,3075.10595703125,37975400
2023-11-14,3057.6337890625,3092.578175223214,3057.6337890625,3057.6337890625,45987000
2023-11-15,3075.1059198943663,3118.7864017110473,3075.1059198943663,3101.314208984375,114104500
2023-11-16,3101.314221398305,3101.314221398305,3066.3698358050847,3092.578125,41789400
2023-11-17,3083.8420162577027,3101.314208984375,3040.161534441021,3101.314208984375,55585600
2023-11-20,3110.0502562456477,3144.9946411472843,3092.578063794829,3136.258544921875,39932700
2023-11-21,3136.258508503108,3162.466796875,3127.5224123791436,3162.466796875,68255800
2023-11-22,3153.73095703125,3171.2031506990133,3136.258763363487,3153.73095703125,34555300
2023-11-23,3153.730725097656,3171.2029174804684,3136.2585327148436,3144.99462890625,57385100
2023-11-24,3144.994604627072,3162.466796875,3118.78631625518,3162.466796875,34583700
2023-11-27,3179.9391585640287,3258.564027869183,3179.9391585640287,3214.883544921875,73888700
2023-11-28,3214.88343418435,3319.716589646883,3214.88343418435,3293.50830078125,106829100
2023-11-29,3276.0361702211444,3293.5083631289904,3232.355687951529,3249.827880859375,56467400
2023-11-30,3276.0361204756064,3337.1887947244845,3267.300024154338,3284.772216796875,258522400
2023-12-01,3310.9806618951943,3354.6611455613574,3310.9806618951943,3345.925048828125,81037200
2023-12-04,3354.661171259843,3372.1333648601544,3302.2445904589076,3328.452880859375,118483900
2023-12-05,3345.9250234628653,3363.397216796875,3319.7167334618507,3363.397216796875,74608900
2023-12-06,3407.077611806441,3450.758094009088,3380.869322484853,3424.5498046875,149345100
2023-12-07,3450.758106592671,3450.758106592671,3389.6054312859656,3415.813720703125,91076200
2023-12-08,3442.02197265625,3442.02197265625,3407.077587147049,3442.02197265625,61476300
2023-12-11,3380.8694872065407,3476.966552734375,3363.397293474207,3476.966552734375,99365500
2023-12-12,3442.0220101202844,3450.758106592671,3398.3415277583517,3415.813720703125,58707700
2023-12-13,3380.869322484853,3424.5498046875,3380.869322484853,3424.5498046875,54386800
2023-12-14,3389.605394392449,3459.49416541085,3389.605394392449,3442.02197265625,70705300
2023-12-15,3442.022165269708,3476.966552734375,3407.077777805041,3476.966552734375,109064200
2023-12-18,3442.0219357584224,3468.230224609375,3433.2858394747714,3468.230224609375,60940400
2023-12-19,3450.7580320420734,3468.230224609375,3442.0219357584224,3468.230224609375,32984500
2023-12-20,3459.494140625,3485.702429569129,3459.494140625,3459.494140625,59574800
2023-12-21,3459.4943977452535,3468.2304947092566,3433.286106853244,3450.75830078125,48242100
2023-12-22,3476.966333254419,3476.966333254419,3450.7580443102906,3459.494140625,28222700
2023-12-27,3485.7024545427503,3494.4385509200506,3424.54977990165,3442.02197265625,73157200
2023-12-28,3459.494140625,3468.23023693971,3442.021947995581,3459.494140625,34024400
2023-12-29,3459.4943977452535,3476.9665916732597,3442.022203817247,3450.75830078125,27497600
2024-01-02,3450.758007690124,3485.702392578125,3442.0219114681236,3485.702392578125,23774100
2024-01-03,3485.702429569129,3485.702429569129,3450.7580443102906,3459.494140625,22018500
2024-01-04,3476.9663208930256,3485.7024171766766,3459.494128325724,3468.230224609375,33922400
2024-01-05,3450.7581319539286,3468.230325027113,3389.605456197783,3398.341552734375,69268000
2024-01-08,3398.341552734375,3424.549842344152,3372.133263124598,3398.341552734375,61064100
2024-01-09,3433.285851680871,3476.966333254419,3424.5497553661617,3459.494140625,64015400
2024-01-10,3494.438720703125,3520.647011108398,3476.9665270996093,3494.438720703125,99083600
2024-01-11,3529.382873688127,3529.382873688127,3485.702392578125,3485.702392578125,36333300
2024-01-12,3468.230417608323,3503.1748046875,3468.230417608323,3503.1748046875,53685600
2024-01-15,3529.383107910156,3529.383107910156,3476.9665270996093,3494.438720703125,38339500
2024-01-16,3511.9109014572946,3520.6469982270887,3476.9665143781176,3503.1748046875,44782300
2024-01-17,3494.4384888001255,3503.174585022126,3468.2302001341245,3485.702392578125,62728400
2024-01-18,3485.702688637263,3503.174882565269,3433.286106853244,3450.75830078125,73029300
2024-01-19,3450.75806903355,3459.49416541085,3398.3414907697493,3442.02197265625,67016100
2024-01-22,3476.966552734375,3503.1748433328753,3459.4943590020416,3476.966552734375,50643700
2024-01-23,3494.438785601266,3503.174882565269,3415.8139129252377,3450.75830078125,72595400
2024-01-24,3450.7580320420734,3476.9663208930256,3433.2858394747714,3468.230224609375,38732000
2024-01-25,3476.966552734375,3494.4387464667084,3459.4943590020416,3476.966552734375,58541300
2024-01-26,3442.022165269708,3485.702649600542,3433.2860684035413,3476.966552734375,65272600
2024-01-29,3494.438707917706,3503.1748046875,3468.230417608323,3503.1748046875,59150000
2024-01-30,3494.438720703125,3511.9109143066407,3476.9665270996093,3494.438720703125,66906900
2024-01-31,3494.4385258838383,3511.9107185132575,3459.494140625,3459.494140625,100403700
2024-02-01,3468.230379916654,3538.119153315478,3468.230379916654,3529.383056640625,105414400
2024-02-02,3520.6467774661264,3520.6467774661264,3433.285815246123,3485.702392578125,96180000
2024-02-05,3503.1748433328753,3503.1748433328753,3468.230455868208,3476.966552734375,57789500
2024-02-06,3468.230455868208,3494.4387464667084,3468.230455868208,3476.966552734375,65167500
2024-02-07,3503.1748433328753,3511.910940199042,3476.966552734375,3476.966552734375,53084600
2024-02-12,3494.438720703125,3511.9109143066407,3468.2304302978514,3494.438720703125,85763200
2024-02-13,3503.1748433328753,3503.1748433328753,3476.966552734375,3476.966552734375,52020300
2024-02-15,3529.383069362593,3564.3274561879653,3476.9664891245347,3520.64697265625,129347900
2024-02-16,3538.119005056528,3634.216064453125,3538.119005056528,3634.216064453125,244064200
2024-02-19,3608.0077755267803,3642.9521607619063,3608.0077755267803,3634.216064453125,82867500
2024-02-20,3669.160388212589,3677.896484375,3634.2160035629454,3677.896484375,267636700
2024-02-21,3660.4245733963817,3704.1050575657896,3555.591411389803,3651.6884765625,152787100
2024-02-22,3608.007862641351,3625.4800556807763,3555.5912835230747,3573.0634765625,93555100
2024-02-23,3555.5912710794587,3581.799560546875,3529.382981612043,3581.799560546875,87665800
2024-02-26,3546.8551870033616,3581.7995730822126,3538.119090483649,3573.0634765625,55761700
2024-02-27,3538.118969910127,3546.8550661321274,3485.702392578125,3485.702392578125,119637000
2024-02-28,3476.966296356125,3511.910681244126,3450.758007690124,3485.702392578125,77255300
2024-02-29,3511.9109143066407,3529.383107910156,3450.7582366943357,3494.438720703125,157431900
2024-03-01,3450.758094009088,3485.702479771205,3372.1332260443237,3424.5498046875,139582000
2024-03-04,3459.49416541085,3459.49416541085,3407.077587147049,3442.02197265625,81580800
2024-03-05,3389.6054813670867,3407.07767457001,3372.133288164164,3380.869384765625,100671500
2024-03-06,3380.869347205529,3424.5498297275644,3372.133250701122,3407.07763671875,83251500
2024-03-07,3407.07763671875,3433.285926231971,3407.07763671875,3407.07763671875,86888100
2024-03-08,3407.0776873178434,3415.8137839519914,3354.661107512953,3372.13330078125,101556500
2024-03-13,3415.813733223157,3415.813733223157,3398.3415402143432,3407.07763671875,106191400
2024-03-14,3433.285851680871,3476.966333254419,3424.5497553661617,3459.494140625,122570700
2024-03-15,3494.438513460327,3494.438513460327,3407.077550623819,3468.230224609375,184885900
2024-03-18,3459.4941904496172,3468.2302868901465,3424.5498046875,3424.5498046875,57508300
2024-03-19,3476.9663581654504,3476.9663581654504,3442.02197265625,3442.02197265625,51629700
2024-03-20,3415.8136958542063,3442.0219850807093,3415.8136958542063,3433.285888671875,84777400
2024-03-21,3433.285938880744,3459.4942284905205,3398.341552734375,3398.341552734375,81520900
2024-03-22,3407.07763671875,3424.5498297275644,3398.3415402143432,3407.07763671875,44501700
2024-03-25,3398.341762184777,3398.341762184777,3232.3559177592997,3258.564208984375,313394400
2024-03-26,3214.883373618785,3214.883373618785,3153.7307007510362,3162.466796875,354086400
2024-03-27,3153.730863991986,3171.203057144296,3048.897705078125,3048.897705078125,496202800
2024-03-28,3031.425537109375,3075.106020353026,2996.4811505144544,3031.425537109375,258985200
2024-04-01,3040.161583533654,3075.105969551282,2987.7450045072114,3066.369873046875,248116300
2024-04-02,3022.6894153496596,3057.63380165428,2979.0089324688843,3048.897705078125,233017700
2024-04-03,3013.953407689145,3048.8977950246713,2987.7451171875,2987.7451171875,150265700
2024-04-04,2979.008740942029,3022.689221014493,2979.008740942029,3013.953125,205184000
2024-04-05,3005.217297968294,3013.9533947647137,2987.7451043754554,2996.481201171875,116051700
2024-04-16,2847.9675808545226,2865.4397746020963,2751.870515242867,2813.023193359375,490658200
2024-04-17,2813.0229736328124,2830.495166015625,2795.55078125,2795.55078125,187876400
2024-04-18,2786.814864783654,2891.6480258413458,2716.926090745192,2839.2314453125,337490100
2024-04-19,2821.759132409474,2821.759132409474,2734.398168557788,2751.870361328125,149997000
2024-04-22,2751.8703366830146,2795.550818217666,2734.398144069154,2769.342529296875,140971800
2024-04-23,2778.078714087702,2786.814810672883,2690.717748235887,2708.18994140625,312052300
2024-04-24,2708.1900185032896,2716.9261153371713,2655.7734375,2655.7734375,327330800
2024-04-25,2629.5651469983554,2673.2456311677633,2612.092953330592,2655.7734375,369525200
2024-04-26,2603.356629022277,2673.2453975866338,2585.8844368811883,2647.037109375,442527900
2024-04-29,2647.0372901024757,2699.453870104505,2629.565096768466,2690.7177734375,172773600
2024-04-30,2725.662047762224,2795.550818217666,2716.925951455294,2769.342529296875,273121800
2024-05-02,2769.342591897035,2795.5508814102564,2725.662109375,2725.662109375,157637100
2024-05-03,2778.07888369017,2778.07888369017,2725.662300979035,2760.606689453125,127945300
2024-05-06,2778.078779777152,2795.550973360656,2655.773424692623,2664.509521484375,221330900
2024-05-07,2681.9816641699535,2716.9260506737965,2673.245567543993,2699.453857421875,124914600
2024-05-08,2734.3982567725243,2751.870450106534,2664.5094834364854,2690.7177734375,120622600
2024-05-13,2681.9816641699535,2708.1899540478357,2655.7733742920714,2699.453857421875,133048300
2024-05-14,2708.189916366186,2725.662109375,2690.717723357372,2725.662109375,104126800
2024-05-15,2725.662134576613,2734.3982311617947,2681.9816516507058,2708.18994140625,149143600
2024-05-16,2743.882806011213,2827.311675112905,2743.882806011213,2790.232177734375,196239200
2024-05-17,2827.3118769923185,2827.3118769923185,2762.422751946593,2771.692626953125,120345300
2024-05-20,2734.6131269269963,2780.9625019596574,2734.6131269269963,2771.692626953125,215877500
2024-05-21,2771.6925359176375,2771.6925359176375,2706.803413003178,2734.613037109375,138864400
2024-05-22,2762.422761878189,2762.422761878189,2697.533636599171,2725.34326171875,145109200
2024-05-27,2688.2635867298713,2706.8033356038704,2577.0250934858764,2604.834716796875,246979600
2024-05-28,2604.8347099677667,2669.7238308566434,2604.8347099677667,2651.18408203125,113093300
2024-05-29,2641.914214544873,2651.1840889818727,2604.834716796875,2604.834716796875,148952900
2024-05-30,2604.834716796875,2660.4539634188723,2521.405846863879,2604.834716796875,253471800
2024-05-31,2632.6444234913793,2706.8034213362066,2604.8347992995687,2688.263671875,411324600
2024-06-03,2716.0732421875,2753.15274037436,2688.263618547355,2716.0732421875,124570400
2024-06-04,2762.422652994792,2836.5816503906253,2725.343154296875,2780.96240234375,130203100
2024-06-05,2780.962297028186,2855.1212916156046,2780.962297028186,2836.58154296875,141157300
2024-06-06,2873.6611408171107,2873.6611408171107,2808.772018282531,2827.311767578125,107996900
2024-06-07,2827.311767578125,2864.391266169314,2827.311767578125,2827.311767578125,67191100
2024-06-10,2827.311675112905,2827.311675112905,2762.4225547004776,2790.232177734375,66983900
2024-06-11,2743.8828735351562,2762.422622680664,2669.723876953125,2669.723876953125,172688100
2024-06-12,2678.993842138003,2753.1528412283283,2678.993842138003,2706.803466796875,91584500
2024-06-13,2725.343282350352,2725.343282350352,2623.374656139965,2632.64453125,95740000
2024-06-14,2614.1047560747934,2623.374631096335,2502.8662558162914,2521.406005859375,202750500
2024-06-19,2577.0251387201856,2641.914260918176,2558.48538952076,2623.37451171875,128843500
2024-06-20,2641.914406360035,2641.914406360035,2595.5650308098593,2632.64453125,55434800
2024-06-21,2641.914290088718,2743.882911811441,2632.6444153866523,2734.613037109375,184918000
2024-06-24,2716.0732877052437,2762.422661215572,2697.5335383011125,2734.613037109375,111618800
2024-06-25,2734.6131269269963,2771.692626953125,2716.073376913932,2771.692626953125,89913400
2024-06-26,2771.692527669271,2799.5021516927086,2762.422652994792,2780.96240234375,73994000
2024-06-27,2808.77197265625,2808.77197265625,2771.6924746673885,2808.77197265625,70154600
2024-06-28,2808.7719586162143,2910.740577575879,2808.7719586162143,2901.470703125,213539300
2024-07-01,2901.470857194326,2901.470857194326,2855.121482478762,2864.391357421875,134082800
2024-07-02,2845.851617110403,2864.391367059005,2808.772117213199,2818.0419921875,79024200
2024-07-03,2818.0418471534654,2827.3117216506807,2799.5020981590346,2808.77197265625,51977100
2024-07-04,2780.9623099662163,2827.3116817989862,2743.8828125,2743.8828125,93100500
2024-07-05,2753.1528231387106,2799.502197265625,2743.8829483133277,2799.502197265625,69339200
2024-07-08,2818.0418399959417,2864.391212364296,2780.962342101258,2855.121337890625,125004600
2024-07-09,2827.3117144696125,2892.2008357853083,2818.0418399959417,2855.121337890625,118245600
2024-07-10,2864.391392188736,2947.820267689379,2864.391392188736,2929.280517578125,120007400
2024-07-11,2966.3598172169814,2966.3598172169814,2929.280319501769,2947.820068359375,126490000
2024-07-12,2994.1695329180416,3031.249031777708,2975.6297834882084,2984.899658203125,135830300
2024-07-15,2984.899767911887,2984.899767911887,2901.470892411244,2929.280517578125,100918500
2024-07-16,2947.8201297883065,2947.8201297883065,2864.3912581905242,2873.6611328125,78769700
2024-07-17,2957.089981219952,3031.2489776141824,2929.2803575721155,3012.709228515625,167149300
2024-07-18,3021.9792579341897,3040.519007982866,2957.090132763824,2975.6298828125,98903500
2024-07-19,2966.3599721337578,2975.629847046676,2892.200972830414,2910.74072265625,138117200
2024-07-22,2947.8201297883065,2975.629753654234,2864.3912581905242,2873.6611328125,139383000
2024-07-23,2910.740767466871,2929.280517578125,2873.6612672443634,2929.280517578125,74338000
2024-07-24,2910.7405375561684,2920.0104118795957,2818.0417943218954,2836.58154296875,98752100
2024-07-25,2855.121482478762,2864.391357421875,2808.7721077631977,2864.391357421875,67060000
2024-07-26,2882.9310074344758,2882.9310074344758,2836.581634324597,2873.6611328125,94900300
2024-07-29,2864.391266169314,2892.200890112705,2818.0418929303282,2827.311767578125,90885600
2024-07-30,2780.962371826172,2780.962371826172,2669.723876953125,2669.723876953125,321472800
2024-07-31,2669.723876953125,2706.8033752441406,2632.6443786621094,2669.723876953125,207440800
2024-08-01,2678.993751525879,2716.0732498168945,2669.723876953125,2669.723876953125,121021800
2024-08-02,2669.7239309210527,2669.7239309210527,2614.1046823601973,2641.914306640625,105816800
2024-08-05,2614.10454469086,2623.3744189628137,2558.48529905914,2586.294921875,105246400
2024-08-06,2595.5647961469535,2632.6442932347672,2586.294921875,2586.294921875,98524200
2024-08-07,2595.5649864250886,2632.6444862311614,2586.29511147357,2614.104736328125,77263000
2024-08-08,2595.564932839912,2669.7239309210527,2595.564932839912,2641.914306640625,99533000
2024-08-09,2651.1841355178885,2669.7238847173144,2623.37451171875,2623.37451171875,80800300
2024-08-12,2641.9143517258276,2697.5336012358453,2632.644476807491,2660.4541015625,62746600
2024-08-13,2688.263680441338,2688.263680441338,2632.6444318804824,2641.914306640625,82063600
2024-08-14,2641.914207618553,2678.99370526934,2641.914207618553,2651.18408203125,70188800
2024-08-15,2660.4541015625,2669.7239764808364,2614.104726970819,2660.4541015625,79724100
2024-08-16,2697.5334406672296,2771.692435599662,2688.263566300676,2743.8828125,207060000
2024-08-19,2743.8828658276448,2753.15274037436,2697.53349309407,2716.0732421875,68692700
2024-08-20,2771.692481943425,2780.9623564649746,2743.882858378775,2762.422607421875,100434600
2024-08-21,2762.422706886574,2790.232331452546,2743.882957175926,2753.15283203125,111842200
2024-08-22,2725.343216569456,2753.1528412283283,2706.803466796875,2706.803466796875,90336300
2024-08-23,2753.1527865135063,2790.2322853217693,2734.613037109375,2734.613037109375,86092500
2024-08-26,2725.3431093356753,2771.692481943425,2716.0732348141255,2762.422607421875,88941900
2024-08-27,2771.692626953125,2780.9625019596574,2734.6131269269963,2771.692626953125,71223800
2024-08-28,2780.9623564649746,2780.9623564649746,2743.882858378775,2762.422607421875,68736300
2024-08-29,2762.422600170173,2855.121345142327,2762.422600170173,2808.77197265625,160714800
2024-08-30,2808.771919998468,2845.8514172921773,2790.2321713516135,2836.58154296875,195809000
2024-09-02,2864.39134809166,2920.010597569168,2855.1214731787422,2910.74072265625,118928500
2024-09-03,2910.7405847326504,2920.0104592063212,2855.121337890625,2855.121337890625,82172000
2024-09-04,2836.5815889432834,2873.6610868379666,2818.0418399959417,2855.121337890625,81041700
2024-09-05,2855.1214462179223,2864.391321043305,2799.502197265625,2799.502197265625,78989400
2024-09-06,2790.232367264597,2827.311867161801,2790.232367264597,2818.0419921875,82391200
2024-09-09,2827.3117216506807,2855.121345142327,2780.962349164604,2808.77197265625,69264400
2024-09-10,2836.581596147896,2836.581596147896,2799.5020981590346,2808.77197265625,46436100
2024-09-11,2808.772117213199,2827.311867161801,2799.502242238898,2818.0419921875,62899600
2024-09-12,2836.581642225922,2845.8515168737194,2827.311767578125,2827.311767578125,85785000
2024-09-13,2855.121285294413,2892.200782506029,2845.851410991509,2882.930908203125,125032200
2024-09-17,2892.2009822512136,2901.470857194326,2855.121482478762,2864.391357421875,56181000
2024-09-18,2892.200927734375,2901.4708025027544,2873.661178197616,2892.200927734375,87120700
2024-09-19,2910.74072265625,2920.010597569168,2892.200972830414,2910.74072265625,130418300
2024-09-20,2920.010498046875,2938.5502472408234,2892.2008742559524,2920.010498046875,152477400
2024-09-23,2920.010543486297,2947.8201677099764,2901.4707940038447,2938.55029296875,82274400
2024-09-24,2947.820267689379,2947.820267689379,2920.010642522498,2929.280517578125,92256900
2024-09-25,2873.661213937598,2957.090087890625,2836.5817144029193,2957.090087890625,215241700
2024-09-26,2938.55029296875,2947.8201677099764,2892.2009192626183,2938.55029296875,120042500
2024-09-27,2901.4707647605023,2910.7406394082996,2790.2322689869366,2827.311767578125,291217300
2024-09-30,2808.7721269792537,2808.7721269792537,2771.692626953125,2771.692626953125,150844800
2024-10-01,2771.6925727894763,2818.0419469163908,2771.6925727894763,2799.502197265625,77208500
2024-10-02,2734.613091455747,2762.422716114619,2706.803466796875,2706.803466796875,124629400
2024-10-03,2734.6131469304173,2734.6131469304173,2678.993896484375,2678.993896484375,92510900
2024-10-04,2688.263626098633,2716.0732498168945,2651.184127807617,2669.723876953125,76757200
2024-10-07,2697.5335466056035,2697.5335466056035,2660.4540476831894,2688.263671875,84507100
2024-10-08,2678.9938768878033,2771.692626953125,2660.454126874739,2771.692626953125,135357200
2024-10-09,2762.422561233108,2790.2321843327704,2743.8828125,2743.8828125,69435900
2024-10-10,2743.882911811441,2762.422661215572,2725.343162407309,2734.613037109375,57867000
2024-10-11,2780.962511957908,2780.962511957908,2706.8035116390306,2725.34326171875,40454300
2024-10-14,2716.07329606681,2753.152794989224,2688.263671875,2688.263671875,66631500
2024-10-15,2706.8035116390306,2753.1528868383293,2697.533636599171,2725.34326171875,74529600
2024-10-16,2753.152778320313,2780.96240234375,2716.073279622396,2780.96240234375,163988000
2024-10-17,2780.962492290296,2836.581742136102,2762.422742341694,2818.0419921875,107040100
2024-10-18,2827.311759702621,2901.4707566784273,2818.041885080645,2873.6611328125,138783600
2024-10-21,2873.6611328125,2901.4707566784273,2836.581634324597,2873.6611328125,92240300
2024-10-22,2836.581549457537,2845.85142380217,2790.232177734375,2790.232177734375,93662500
2024-10-23,2725.34326171875,2762.422761878189,2716.0733866788905,2725.34326171875,99423700
2024-10-24,2725.3431707974137,2743.8829202586207,2688.263671875,2688.263671875,72559000
2024-10-25,2688.2635728763958,2734.6129448225406,2688.2635728763958,2697.533447265625,50694200
2024-10-28,2706.803466796875,2725.343216569456,2688.263717024294,2706.803466796875,38720700
2024-10-29,2697.5335466056035,2716.07329606681,2669.723922413793,2688.263671875,67727500
2024-10-30,2669.723922413793,2688.263671875,2641.914298221983,2688.263671875,123573100
2024-10-31,2651.1842361341974,2660.454111085716,2614.104736328125,2614.104736328125,139590300
2024-11-01,2614.1046449949417,2632.6443942502247,2558.4853972290916,2577.025146484375,99364500
2024-11-04,2577.025191824777,2604.8348161969866,2549.215567452567,2595.56494140625,63112300
2024-11-05,2595.5649960514443,2604.834871037342,2530.675871150158,2567.75537109375,96721100
2024-11-06,2577.0250538178607,2595.564802406478,2539.945556640625,2539.945556640625,66808900
2024-11-07,2558.4853515625,2586.294974949049,2539.945602638134,2558.4853515625,79485800
2024-11-08,2558.485450994318,2577.0252006392043,2549.215576171875,2549.215576171875,66113200
2024-11-11,2521.4058143587363,2530.6756886762314,2456.5166941362686,2493.59619140625,108153500
2024-11-12,2465.7867300180287,2475.0566049429085,2410.16748046875,2410.16748046875,215910600
2024-11-13,2419.43730979742,2437.9770592977834,2382.3578107966932,2391.627685546875,142812600
2024-11-14,2363.8180698801875,2400.897569015563,2345.2783203125,2345.2783203125,185269500
2024-11-15,2317.468598132997,2391.627593273253,2317.468598132997,2354.548095703125,103680400
2024-11-18,2354.5480891047296,2419.437209670608,2336.0083403716217,2400.8974609375,119481300
2024-11-19,2419.437277814467,2641.9142688778666,2400.8975285591837,2577.025146484375,275670300
2024-11-20,2539.9456641353777,2549.2155388220035,2447.246917269123,2484.326416015625,150242900
2024-11-21,2484.326496220668,2604.834871037342,2484.326496220668,2567.75537109375,128294600
2024-11-22,2549.215576171875,2586.2950754616477,2521.4059517045453,2549.215576171875,135265300
2024-11-25,2539.945556640625,2577.0250538178607,2521.4058080520076,2539.945556640625,358617100
2024-11-26,2567.755233257899,2595.564856722786,2484.326362863238,2512.135986328125,106721000
2024-11-28,2484.326505773208,2549.2156309240004,2484.326505773208,2521.406005859375,102808400
2024-11-29,2502.8661118398295,2558.4853587696034,2502.8661118398295,2512.135986328125,103162000
2024-12-02,2521.405914762127,2530.6757894487523,2484.326416015625,2484.326416015625,66025900
2024-12-03,2558.485486619016,2623.374611279643,2512.136111861425,2614.104736328125,167603900
2024-12-04,2614.1047810299297,2641.914406360035,2595.5650308098593,2632.64453125,83412800
2024-12-05,2632.6444959950363,2632.6444959950363,2530.675871150158,2567.75537109375,96025400
2024-12-06,2539.945602638134,2577.025100486866,2539.945602638134,2558.4853515625,48179800
2024-12-09,2558.485305229243,2567.7551795235518,2530.675682346316,2539.945556640625,63671900
2024-12-10,2567.75537109375,2623.374621009138,2549.215621121954,2567.75537109375,124138200
2024-12-11,2567.75521231698,2669.7238308566434,2567.75521231698,2651.18408203125,140611400
2024-12-12,2623.374611279643,2641.9143611826794,2577.025236522052,2614.104736328125,66977700
2024-12-13,2567.7551733310934,2586.294921875,2549.2154247871863,2586.294921875,77540100
2024-12-16,2558.4853662476503,2558.4853662476503,2456.5167465783597,2465.78662109375,147655600
2024-12-17,2437.9771504875357,2456.516900681357,2410.1675251968036,2428.707275390625,113785500
2024-12-18,2428.707285840224,2465.786786387403,2382.35791015625,2382.35791015625,79565300
2024-12-19,2326.738570744812,2373.0879446640315,2317.4686959609685,2345.2783203125,123504200
2024-12-20,2345.278365310968,2382.357865157782,2336.008490349265,2363.818115234375,110308800
2024-12-23,2391.627721477005,2475.0565954820167,2391.627721477005,2456.516845703125,72113700
2024-12-24,2484.326310874772,2549.215430934934,2428.707065108919,2539.945556640625,117582400
2024-12-27,2567.7553258167613,2595.5649502840906,2512.1360768821023,2549.215576171875,92727600
2024-12-30,2521.4058608164205,2558.4853587696034,2502.8661118398295,2512.135986328125,74279200
2025-01-02,2512.136085792824,2539.945710358796,2484.3264612268517,2502.8662109375,38776700
2025-01-03,2539.9457013494316,2567.7553258167613,2530.6758265269887,2549.215576171875,49907500
2025-01-06,2558.4853116287177,2567.755185946213,2465.786568453764,2493.59619140625,54087800
2025-01-07,2475.0566615241974,2484.326536660992,2382.35791015625,2382.35791015625,109758000
2025-01-08,2400.8975963664507,2502.866220150354,2400.8975963664507,2456.516845703125,100688500
2025-01-09,2493.5964010690004,2502.866276165911,2428.707275390625,2428.707275390625,55206700
2025-01-10,2447.246917269123,2493.5962907022504,2437.9770425824977,2484.326416015625,54496800
2025-01-13,2475.056640625,2539.9457660346443,2456.5168905079586,2475.056640625,90816500
2025-01-14,2475.056650875179,2493.5964010690004,2419.4374002937143,2428.707275390625,53116800
2025-01-15,2447.2469254990497,2475.0565496524478,2428.707176063451,2437.97705078125,52867900
2025-01-16,2465.7865815033783,2465.7865815033783,2400.8974609375,2400.8974609375,118890200
2025-01-17,2437.9769975475797,2484.32637012453,2419.4372485167996,2465.78662109375,107245400
2025-01-20,2475.05650312051,2493.596252207555,2419.437255859375,2419.437255859375,49752300
2025-01-21,2437.97705078125,2465.7866749346485,2410.167426627852,2437.97705078125,86549000
2025-01-22,2484.326407967033,2549.215530563187,2456.516783997253,2530.67578125,128617700
2025-01-23,2530.6757353047165,2549.2154842813075,2512.135986328125,2512.135986328125,63216100
2025-01-24,2539.945562993727,2549.215437311222,2493.59619140625,2493.59619140625,49844700
2025-01-30,2493.596197879676,2512.135946562796,2419.4372031471944,2447.246826171875,89736900
2025-01-31,2465.78662109375,2512.1359936707004,2465.78662109375,2465.78662109375,83736900
2025-02-03,2428.707176063451,2437.97705078125,2373.087927756654,2437.97705078125,91801900
2025-02-04,2447.246826171875,2465.7865748549953,2400.897454464074,2447.246826171875,95311100
2025-02-05,2410.1675251968036,2447.2470255844464,2400.8976500998924,2428.707275390625,110400300
2025-02-06,2437.9770126342773,2437.9770126342773,2336.0083923339844,2373.087890625,90471900
2025-02-07,2363.8179634712837,2400.8974609375,2326.7384660050675,2400.8974609375,105020200
2025-02-10,2336.00836081583,2363.817984158876,2261.849365234375,2261.849365234375,153328500
2025-02-11,2252.579457250135,2271.1192058694774,2132.0710912244076,2150.61083984375,254907800
2025-02-12,2187.690457251764,2298.928955078125,2178.4205824329006,2298.928955078125,173407600
2025-02-13,2196.9601990250517,2243.3095703125,2141.3409534801135,2243.3095703125,219425500
2025-02-14,2280.389196825593,2345.2783203125,2261.849447257905,2345.2783203125,156474300
2025-02-17,2382.357846587559,2456.516845703125,2345.278347029776,2456.516845703125,113998200
2025-02-18,2465.7866666423743,2512.1360400755016,2437.9770425824977,2484.326416015625,115881200
2025-02-19,2484.3265156835205,2493.596390742041,2410.1675152153557,2475.056640625,119388200
2025-02-20,2456.5168905079586,2484.3265156835205,2428.707265332397,2475.056640625,90411700
2025-02-21,2475.0565954820167,2484.326470371462,2437.9770959242337,2456.516845703125,75110600
2025-02-24,2437.9771052433894,2447.246980168269,2382.3578556941106,2410.16748046875,42327600
2025-02-25,2373.087906504065,2391.6276557736282,2280.38916015625,2280.38916015625,111687700
2025-02-26,2317.468552362351,2336.00830078125,2280.3890555245534,2336.00830078125,65752000
2025-02-27,2336.0083537274095,2373.087851405622,2252.5794839514306,2308.19873046875,88741400
2025-02-28,2289.659155792886,2289.659155792886,2178.420654296875,2178.420654296875,249795300
2025-03-03,2224.77001953125,2243.3097696940104,2196.9603942871095,2224.77001953125,178833400
2025-03-04,2224.7699743960084,2261.849473969275,2178.420599929425,2206.230224609375,131347800
2025-03-05,2243.309759646046,2289.6591348453444,2234.039884606186,2271.119384765625,167407400
2025-03-06,2308.198895263672,2326.7386454264324,2224.77001953125,2224.77001953125,131136100
2025-03-07,2252.5795442573262,2289.6590429282287,2178.4205469155213,2234.039794921875,182407000
2025-03-10,2252.5794979079496,2252.5794979079496,2196.960251046025,2215.5,88949400
2025-03-11,2206.230079361155,2215.499953644185,2178.420456512065,2196.960205078125,102235600
2025-03-12,2234.039884606186,2308.198884925064,2224.7700095663267,2271.119384765625,98938700
2025-03-13,2289.659089265046,2308.1988389756943,2243.309714988426,2252.57958984375,66706500
2025-03-14,2271.119193084969,2298.928815857438,2234.0396960550106,2243.3095703125,107627100
2025-03-17,2243.3095703125,2271.119193084969,2234.0396960550106,2243.3095703125,58129400
2025-03-18,2271.119193084969,2289.6589415999483,2132.071079222624,2243.3095703125,139758600
2025-03-19,2243.309714988426,2261.849464699074,2206.2302155671296,2252.57958984375,96825800
2025-03-20,2261.8493723849374,2261.8493723849374,2178.4205020920504,2215.5,94823100
2025-03-21,2196.960312880479,2206.2301876183715,2132.071189715233,2141.341064453125,204534000
2025-03-24,2150.6109844420603,2187.6904841738196,2076.4519849785406,2159.880859375,105865000
2025-03-25,2169.150634765625,2187.690383780716,2132.0711367354434,2169.150634765625,107964200
2025-03-26,2187.6903696529203,2280.389114129739,2178.4204952052382,2261.849365234375,215856700
2025-03-27,2252.5795442573262,2252.5795442573262,2215.5000455864238,2234.039794921875,120411200
2025-04-08,1900.3242805847433,2132.0711440706878,1900.3242805847433,2122.80126953125,409973200
2025-04-09,2261.849331559806,2261.849331559806,2132.0710912244076,2150.61083984375,120363300
2025-04-10,2271.119405543551,2289.659155792886,2150.6110289228723,2178.420654296875,139327100
2025-04-11,2150.6109844420603,2178.42060924088,2132.0712345761804,2159.880859375,60214100
2025-04-14,2150.610966435185,2252.57958984375,2141.341091579861,2252.57958984375,116968600
2025-04-15,2280.389259805485,2289.6591348453444,2243.309759646046,2271.119384765625,99064500
2025-04-16,2308.1988298969886,2326.7385795347154,2271.1193306215346,2298.928955078125,121853000
2025-04-17,2317.468740425858,2465.786739813113,2308.1988654641546,2363.818115234375,195577900
2025-04-21,2410.1675355666343,2419.437410703429,2326.7386593354818,2382.35791015625,84209300
2025-04-22,2382.357865157782,2382.357865157782,2336.008490349265,2363.818115234375,44958000
2025-04-23,2391.627677192253,2447.2469254990497,2382.3578024744534,2437.97705078125,128704200
2025-04-24,2437.97705078125,2456.516800216849,2410.167426627852,2437.97705078125,75733400
2025-04-25,2437.9771052433894,2456.516855093149,2382.3578556941106,2410.16748046875,93439600
2025-04-28,2410.1673889160156,2419.4372634887695,2373.087890625,2373.087890625,51086400
2025-04-29,2382.3577122043916,2410.167335304054,2373.087837837838,2400.8974609375,56546100
2025-04-30,2410.1673288056345,2447.246826171875,2410.1673288056345,2447.246826171875,96333300
2025-05-02,2447.246917269123,2521.405914762127,2428.7071678958723,2484.326416015625,132357600
2025-05-05,2512.136085792824,2512.136085792824,2475.056586371528,2502.8662109375,85592500
2025-05-06,2521.405914762127,2530.6757894487523,2484.326416015625,2484.326416015625,76948300
2025-05-07,2484.3265259720897,2493.5964010690004,2428.707275390625,2428.707275390625,100293700
2025-05-08,2437.9771609770187,2447.2470361138135,2382.35791015625,2382.35791015625,122965300
2025-05-09,2382.3578556941106,2437.9771052433894,2382.3578556941106,2410.16748046875,59433500
2025-05-14,2345.278214738176,2428.707084037162,2345.278214738176,2400.8974609375,132760900
2025-05-15,2391.6276249706298,2493.59624463992,2391.6276249706298,2465.78662109375,120039700
2025-05-16,2512.1359337576987,2549.215430934934,2484.326310874772,2539.945556640625,101569600
2025-05-19,2558.485486619016,2651.1842361341974,2539.9457367159794,2614.104736328125,164194700
2025-05-20,2623.374425289405,2632.6442995837137,2539.945556640625,2539.945556640625,129805200
2025-05-21,2512.1360768821023,2577.0252006392043,2493.596327237216,2549.215576171875,120242100
2025-05-22,2549.215567452567,2641.914315359933,2549.215567452567,2595.56494140625,131277300
2025-05-23,2512.1359400412407,2521.4058143587363,2493.59619140625,2493.59619140625,141199500
2025-05-26,2521.4059430803572,2614.104690987723,2502.866193498884,2595.56494140625,186806300
2025-05-27,2632.6443863184627,2669.7238847173144,2586.2950133198983,2623.37451171875,279180500
2025-05-28,2651.1842361341974,2660.454111085716,2595.5649864250886,2614.104736328125,531309500
2025-06-02,2577.025146484375,2614.1046449949417,2549.21552260145,2577.025146484375,211393400
2025-06-03,2577.025191824777,2623.37456577846,2530.675817871094,2595.56494140625,142896600
2025-06-04,2604.8348613766066,2651.1842361341974,2604.8348613766066,2614.104736328125,125006700
2025-06-05,2641.914406360035,2641.914406360035,2614.1047810299297,2632.64453125,95008500
2025-06-10,2706.803321654854,2706.803321654854,2669.723824097938,2697.533447265625,213564000
2025-06-11,2750.0,2810.0,2730.0,2800.0,200609800
2025-06-12,2830.0,2830.0,2750.0,2780.0,97099100
2025-06-13,2770.0,2770.0,2720.0,2740.0,81111300
2025-06-16,2740.0,2770.0,2730.0,2740.0,46641000
2025-06-17,2800.0,2800.0,2760.0,2760.0,59643500
2025-06-18,2770.0,2800.0,2760.0,2770.0,70757600
2025-06-19,2740.0,2780.0,2630.0,2690.0,98911200
2025-06-20,2700.0,2710.0,2640.0,2640.0,243027500
2025-06-23,2610.0,2610.0,2560.0,2580.0,73554200
2025-06-24,2600.0,2670.0,2580.0,2590.0,107300200
2025-06-25,2650.0,2650.0,2560.0,2620.0,79958900
2025-06-26,2620.0,2710.0,2590.0,2710.0,132868200
2025-06-30,2780.0,2790.0,2730.0,2780.0,124299500
2025-07-01,2800.0,2810.0,2760.0,2810.0,73006700
2025-07-02,2820.0,2820.0,2730.0,2780.0,92321600
2025-07-03,2780.0,2810.0,2690.0,2710.0,69094400
2025-07-04,2710.0,2720.0,2620.0,2630.0,53587300
2025-07-07,2630.0,2700.0,2610.0,2700.0,33446600
2025-07-08,2680.0,2700.0,2640.0,2650.0,45926000
2025-07-09,2650.0,2680.0,2640.0,2670.0,44897100
2025-07-10,2690.0,2710.0,2650.0,2690.0,41108700
2025-07-11,2710.0,2730.0,2690.0,2730.0,47851300
2025-07-14,2700.0,2710.0,2640.0,2690.0,60458400
2025-07-15,2690.0,2690.0,2640.0,2640.0,35309100
2025-07-16,2660.0,2680.0,2650.0,2650.0,43385900
2025-07-17,2700.0,2770.0,2660.0,2770.0,102642100
2025-07-18,2800.0,2800.0,2750.0,2770.0,83762800
2025-07-21,2800.0,2800.0,2750.0,2800.0,52553200
2025-07-22,2800.0,2850.0,2800.0,2850.0,108243300
2025-07-23,2870.0,2870.0,2840.0,2850.0,86077600
2025-07-24,2860.0,2870.0,2800.0,2840.0,74224200
2025-07-25,2810.0,2830.0,2780.0,2820.0,41296200
2025-07-28,2870.0,2870.0,2830.0,2860.0,40193800
2025-07-29,2870.0,2880.0,2840.0,2880.0,46357400
2025-07-30,2890.0,2890.0,2850.0,2880.0,99062400
2025-07-31,2890.0,2930.0,2860.0,2880.0,201065700
2025-08-01,2960.0,2990.0,2910.0,2980.0,130977000
2025-08-04,3000.0,3030.0,2990.0,3030.0,96385300
2025-08-05,3050.0,3050.0,2990.0,3030.0,99396900
2025-08-06,3000.0,3010.0,2960.0,2990.0,86215200
2025-08-07,2990.0,2990.0,2930.0,2950.0,46506200
2025-08-08,2950.0,2960.0,2930.0,2940.0,46945800
2025-08-11,2990.0,3010.0,2970.0,2990.0,74978300
2025-08-12,3050.0,3200.0,3010.0,3180.0,217607800
2025-08-13,3220.0,3420.0,3210.0,3360.0,465722400
2025-08-14,3370.0,3490.0,3370.0,3420.0,232557200
2025-08-15,3360.0,3410.0,3310.0,3310.0,182893900
2025-08-19,3260.0,3330.0,3240.0,3250.0,164921000
2025-08-20,3220.0,3290.0,3220.0,3220.0,80084600
2025-08-21,3210.0,3270.0,3210.0,3250.0,63861900
2025-08-22,3270.0,3290.0,3220.0,3240.0,61351700
2025-08-25,3280.0,3350.0,3250.0,3310.0,93221500
2025-08-26,3310.0,3320.0,3230.0,3260.0,227364800
2025-08-27,3200.0,3250.0,3100.0,3170.0,118158900
2025-08-28,3160.0,3220.0,3150.0,3180.0,55940600
2025-08-29,3180.0,3210.0,3100.0,3130.0,72585500
2025-09-01,3080.0,3110.0,2960.0,3110.0,130027900
2025-09-02,3120.0,3140.0,3050.0,3070.0,64402900
2025-09-03,3080.0,3170.0,3070.0,3110.0,113875700
2025-09-04,3090.0,3170.0,3090.0,3150.0,37223800
2025-09-08,3300.0,3300.0,3090.0,3090.0,93725000
2025-09-09,3100.0,3130.0,3000.0,3050.0,104463400
2025-09-10,3070.0,3180.0,3050.0,3150.0,49840200
2025-09-11,3180.0,3190.0,3070.0,3080.0,71919900
2025-09-12,3090.0,3110.0,3050.0,3100.0,61521400
2025-09-15,3150.0,3260.0,3130.0,3260.0,115361300
2025-09-16,3300.0,3300.0,3260.0,3300.0,80642900
2025-09-17,3300.0,3340.0,3210.0,3340.0,73539700
2025-09-18,3400.0,3400.0,3230.0,3250.0,99501600
2025-09-19,3210.0,3300.0,3160.0,3230.0,113834400
2025-09-22,3300.0,3300.0,3190.0,3220.0,53704700
2025-09-23,3240.0,3260.0,3130.0,3190.0,40100300
2025-09-24,3190.0,3190.0,3150.0,3160.0,37086500
2025-09-25,3160.0,3200.0,3110.0,3120.0,37627500
2025-09-26,3100.0,3160.0,3090.0,3110.0,66789300
2025-09-29,3110.0,3130.0,3050.0,3080.0,85911300
2025-09-30,3090.0,3140.0,3060.0,3060.0,117025800
2025-10-01,3060.0,3100.0,3060.0,3060.0,59779700
2025-10-02,3070.0,3200.0,3060.0,3130.0,113431700
2025-10-03,3110.0,3130.0,3050.0,3070.0,59116700
2025-10-06,3080.0,3090.0,2960.0,3010.0,59707600
2025-10-07,3030.0,3050.0,3000.0,3010.0,30353000
2025-10-08,3030.0,3040.0,2940.0,2990.0,66090700
2025-10-09,2950.0,3020.0,2950.0,3010.0,54769300
2025-10-10,3030.0,3080.0,3000.0,3040.0,62254500
2025-10-13,3020.0,3070.0,2980.0,3020.0,46978500
2025-10-14,3050.0,3070.0,2960.0,2960.0,38518800
2025-10-15,3000.0,3090.0,2950.0,3080.0,67503700
2025-10-16,2970.0,3020.0,2900.0,2950.0,103687000
2025-10-17,2950.0,2960.0,2850.0,2880.0,82482200
2025-10-20,2930.0,2970.0,2900.0,2940.0,96029300
2025-10-21,2970.0,3290.0,2970.0,3280.0,223104600
2025-10-22,3220.0,3220.0,3120.0,3150.0,128796800
2025-10-23,3180.0,3400.0,3170.0,3360.0,218967200
2025-10-24,3370.0,3440.0,3290.0,3290.0,115104000
2025-10-27,3320.0,3360.0,3280.0,3330.0,105683900
2025-10-28,3330.0,3480.0,3270.0,3400.0,143082100
2025-10-29,3390.0,3390.0,3270.0,3290.0,93073800
2025-10-30,3290.0,3310.0,3200.0,3250.0,83523100
2025-10-31,3200.0,3250.0,3150.0,3210.0,126790400
2025-11-03,3210.0,3380.0,3210.0,3350.0,107151300
2025-11-04,3360.0,3590.0,3360.0,3500.0,227450800
2025-11-05,3600.0,3630.0,3510.0,3540.0,182624300
2025-11-06,3540.0,3550.0,3470.0,3480.0,71766000
2025-11-07,3460.0,3490.0,3420.0,3470.0,58917900
2025-11-10,3490.0,3550.0,3440.0,3440.0,88941900
2025-11-11,3500.0,3530.0,3470.0,3520.0,63130300
2025-11-12,3540.0,3590.0,3510.0,3560.0,61339600
2025-11-13,3570.0,3570.0,3480.0,3500.0,57467900
2025-11-14,3530.0,3560.0,3510.0,3550.0,55079600
2025-11-17,3570.0,3630.0,3560.0,3610.0,76833800
2025-11-18,3610.0,3630.0,3540.0,3620.0,97747000
2025-11-19,3620.0,3690.0,3620.0,3650.0,109911100
2025-11-20,3650.0,3660.0,3620.0,3640.0,52200700
2025-11-21,3590.0,3610.0,3460.0,3500.0,93181600
2025-11-24,3560.0,3700.0,3540.0,3700.0,241304000
2025-11-25,3690.0,3690.0,3560.0,3650.0,84816600
2025-11-26,3600.0,3720.0,3600.0,3720.0,111114600
2025-11-27,3700.0,3700.0,3560.0,3570.0,48436500
2025-11-28,3600.0,3630.0,3500.0,3510.0,70943000
2025-12-01,3530.0,3650.0,3520.0,3650.0,89045500
2025-12-02,3660.0,3670.0,3560.0,3560.0,62155900
2025-12-03,3590.0,3650.0,3580.0,3580.0,60429900
2025-12-04,3660.0,3660.0,3580.0,3630.0,38947500
2025-12-05,3630.0,3700.0,3610.0,3700.0,50641400
2025-12-08,3700.0,3700.0,3600.0,3630.0,64911000
2025-12-09,3650.0,3650.0,3520.0,3570.0,94381800
2025-12-10,3620.0,3700.0,3590.0,3640.0,68644900
2025-12-11,3670.0,3690.0,3500.0,3570.0,84823100
2025-12-12,3630.0,3630.0,3500.0,3550.0,67076200
2025-12-15,3550.0,3560.0,3460.0,3470.0,121707400
2025-12-16,3490.0,3550.0,3470.0,3520.0,120576700
2025-12-17,3540.0,3590.0,3490.0,3500.0,118452300
2025-12-18,3540.0,3580.0,3460.0,3460.0,111042200
2025-12-19,3520.0,3520.0,3390.0,3410.0,236770700
2025-12-22,3440.0,3490.0,3420.0,3470.0,113720300
2025-12-23,3470.0,3470.0,3420.0,3470.0,39083700
2025-12-24,3480.0,3500.0,3440.0,3460.0,30919800
2025-12-29,3480.0,3530.0,3460.0,3490.0,53079900
2025-12-30,3490.0,3510.0,3480.0,3480.0,48019100
2026-01-02,3510.0,3510.0,3450.0,3470.0,34812500
2026-01-05,3490.0,3590.0,3480.0,3580.0,77224000
2026-01-06,3600.0,3600.0,3490.0,3520.0,77477100
2026-01-07,3540.0,3550.0,3500.0,3540.0,60466200
2026-01-08,3540.0,3580.0,3520.0,3530.0,61219400
2026-01-09,3550.0,3560.0,3450.0,3450.0,82708700
2026-01-12,3470.0,3530.0,3460.0,3520.0,89165400
2026-01-13,3600.0,3660.0,3550.0,3620.0,129812000
2026-01-14,3690.0,3700.0,3610.0,3650.0,98179400
2026-01-15,3650.0,3680.0,3610.0,3660.0,83981800
2026-01-19,3590.0,3630.0,3490.0,3620.0,147127900
2026-01-20,3550.0,3680.0,3550.0,3600.0,89987800
2026-01-21,3670.0,3700.0,3570.0,3600.0,104120400
2026-01-22,3670.0,3790.0,3660.0,3740.0,149259700
2026-01-23,3790.0,3800.0,3730.0,3770.0,109079700
2026-01-26,3780.0,3850.0,3750.0,3850.0,91258600
2026-01-27,3850.0,3990.0,3730.0,3940.0,161704800
2026-01-28,3800.0,3800.0,3390.0,3470.0,439277400
2026-01-29,3420.0,3500.0,3100.0,3450.0,582049700
2026-01-30,3550.0,3740.0,3540.0,3600.0,332372800
2026-02-02,3670.0,3700.0,3430.0,3500.0,157041400
2026-02-03,3540.0,3550.0,3420.0,3450.0,155611200
2026-02-04,3420.0,3440.0,3260.0,3330.0,215692700
2026-02-05,3350.0,3360.0,3260.0,3290.0,148908600
2026-02-06,3310.0,3390.0,3270.0,3380.0,137552600
2026-02-09,3430.0,3430.0,3340.0,3350.0,109053400
2026-02-10,3380.0,3430.0,3360.0,3400.0,129254100
2026-02-11,3430.0,3530.0,3420.0,3530.0,151785400
2026-02-12,3500.0,3560.0,3470.0,3560.0,114656400
2026-02-13,3540.0,3550.0,3440.0,3450.0,102244000
2026-02-18,3470.0,3510.0,3460.0,3490.0,82797000
2026-02-19,3500.0,3500.0,3460.0,3480.0,70690600
2026-02-20,3490.0,3510.0,3430.0,3480.0,75231500
2026-02-23,3480.0,3550.0,3480.0,3550.0,59621900
2026-02-24,3600.0,3600.0,3510.0,3580.0,119024300
2026-02-25,3580.0,3660.0,3580.0,3600.0,66237300
2026-02-26,3560.0,3650.0,3510.0,3650.0,111136200
2026-02-27,3630.0,3630.0,3530.0,3540.0,140862100
2026-03-02,3440.0,3490.0,3410.0,3450.0,80022100
2026-03-03,3520.0,3530.0,3440.0,3450.0,125403800
2026-03-04,3430.0,3450.0,3110.0,3200.0,206478300
2026-03-05,3300.0,3350.0,3210.0,3260.0,137853600
2026-03-06,3270.0,3290.0,3180.0,3190.0,84932600
2026-03-09,3160.0,3160.0,3000.0,3100.0,126776600
2026-03-10,3120.0,3150.0,2930.0,2960.0,288339600
2026-03-11,3000.0,3020.0,2930.0,3000.0,209073500
2026-03-12,3020.0,3060.0,2980.0,3020.0,100856000
2026-03-13,3030.0,3050.0,2920.0,2970.0,102546800
2026-03-16,2970.0,2980.0,2830.0,2960.0,95426400
2026-03-17,3050.0,3050.0,2960.0,3050.0,164842700
2026-03-25,3140.0,3300.0,3130.0,3300.0,228354400
2026-03-26,3240.0,3260.0,3130.0,3170.0,130477500
2026-03-27,3150.0,3160.0,3050.0,3050.0,72337500
2026-03-30,3050.0,3110.0,3030.0,3040.0,115529200
2026-03-31,3130.0,3130.0,3040.0,3060.0,95463800
2026-04-01,3150.0,3150.0,3100.0,3150.0,68303100
2026-04-02,3150.0,3160.0,3080.0,3130.0,56283200
2026-04-06,3200.0,3200.0,3100.0,3160.0,37192400
2026-04-07,3150.0,3160.0,3060.0,3100.0,49528200
2026-04-08,3150.0,3180.0,3110.0,3160.0,78411200
2026-04-09,3170.0,3190.0,3120.0,3190.0,58857300
2026-04-10,3190.0,3220.0,3170.0,3210.0,70335700
2026-04-13,3130.0,3200.0,3130.0,3190.0,77410000
2026-04-14,3190.0,3200.0,3110.0,3120.0,92852900
2026-04-15,3120.0,3150.0,3060.0,3090.0,89181500
2026-04-16,3100.0,3150.0,3100.0,3120.0,57013000
2026-04-17,3120.0,3150.0,3080.0,3100.0,96349500
2026-04-20,3130.0,3160.0,3050.0,3100.0,142308900
2026-04-21,3050.0,3070.0,2980.0,3010.0,137586500
2026-04-22,3010.0,3030.0,2990.0,3000.0,57088500
2026-04-23,3010.0,3020.0,2880.0,2880.0,164145000
2026-04-24,2880.0,2940.0,2750.0,2810.0,254588000
2026-04-27,2850.0,2850.0,2810.0,2830.0,77838700
2026-04-28,2790.0,2820.0,2750.0,2820.0,146311100
2026-04-29,2820.0,2880.0,2800.0,2870.0,144598700
2026-04-30,2860.0,2870.0,2810.0,2810.0,134260800
2026-05-04,2840.0,2890.0,2840.0,2890.0,81120300
2026-05-05,2910.0,2940.0,2870.0,2880.0,71127200
2026-05-06,2890.0,2910.0,2870.0,2900.0,82205900
2026-05-07,2950.0,2980.0,2920.0,2930.0,102205600
2026-05-08,2930.0,3000.0,2900.0,2960.0,102107300
2026-05-11,2990.0,3010.0,2920.0,2960.0,58491000
2026-05-12,3000.0,3000.0,2860.0,2950.0,91619700
2026-05-13,2950.0,2970.0,2920.0,2960.0,62623700
2026-05-14,2960.0,2960.0,2960.0,2960.0,0
2026-05-15,2960.0,2960.0,2960.0,2960.0,0
2026-05-18,2910.0,3080.0,2860.0,3080.0,148994300
2026-05-19,3080.0,3130.0,3030.0,3080.0,147808100
2026-05-20,3130.0,3190.0,3100.0,3100.0,191400600
2026-05-21,3100.0,3120.0,2950.0,3000.0,141907000
2026-05-22,3000.0,3010.0,2850.0,2920.0,138085300
2026-05-25,2880.0,2960.0,2870.0,2930.0,88999600
2026-05-26,2950.0,3100.0,2940.0,3090.0,136083800
2026-05-27,3090.0,3090.0,3090.0,3090.0,0
2026-05-28,3090.0,3090.0,3090.0,3090.0,0
2026-05-29,2900.0,3170.0,2900.0,3030.0,835364400
